game_id,cond,weather
2020_01_ARI_SF,Dry,"Hazy Temp: 66° F, Humidity: 68%, Wind: NNW 6 mph"
2020_01_CLE_BAL,Dry,"Partly Cloudy Temp: 76° F, Humidity: 72%, Wind: SSE 5 mph"
2020_01_HOU_KC,Dry,"Cloudy Temp: 56° F, Humidity: 95%, Wind: N 7 mph"
2020_01_IND_JAX,Dry,"Partly Cloudy Temp: 80° F, Humidity: 85%, Wind: NNE 3MPH mph"
2020_01_LAC_CIN,Dry,"Partly Cloudy Temp: 83° F, Humidity: 56%, Wind: NW 6 mph, gusts to 8 mph"
2020_01_LV_CAR,Dry,"Mostly Sunny Temp: 81° F, Humidity: 59%, Wind: N 5 mph"
2020_01_MIA_NE,Dry,"Partly Cloudy Temp: 70° F, Humidity: 62%, Wind: NW 8 mph"
2020_01_NYJ_BUF,Dry,"Cloudy Temp: 67° F, Humidity: 93%, Wind: SSW 15 mph"
2020_01_PHI_WAS,Dry,"Cloudy Temp: 76° F, Humidity: 68%, Wind: SSW 5 mph"
2020_01_PIT_NYG,Dry,"Clear Temp: 71° F, Humidity: 44%, Wind: N 5 mph"
2020_01_TEN_DEN,Dry,"Mostly Clear Temp: 79° F, Humidity: 14%, Wind: South East 10 mph"
2020_02_BUF_MIA,Dry,"Cloudy Temp: 90° F, Humidity: 68%, Wind: Southeast 5 mph"
2020_02_CAR_TB,Dry,"Cloudy Temp: 85° F, Humidity: 72%, Wind: NE 17 mph"
2020_02_CIN_CLE,Dry,"Dry Temp: 65° F, Humidity: 52%, Wind: NE 8 mph"
2020_02_DEN_PIT,Dry,"Sunny Temp: 64° F, Humidity: 39%, Wind: 5 mph"
2020_02_DET_GB,Dry,"Sunny Temp: 66° F, Humidity: 41%, Wind: South 12 mph"
2020_02_JAX_TEN,Dry,"Sunny Temp: 72° F, Humidity: 60%, Wind: WE 5 mph"
2020_02_LA_PHI,Dry,"Sunny Temp: 62° F, Humidity: 34%, Wind: NE 12 mph"
2020_02_NE_SEA,Dry,"Temp: 70° F, Humidity: 57%, Wind: 5 mph"
2020_02_NYG_CHI,Dry,"Temp: 66° F, Humidity: 41%, Wind: SE 12 mph"
2020_02_SF_NYJ,Dry,"Mostly Sunny Temp: 61° F, Humidity: 29%, Wind: NE 7 mph"
2020_03_CIN_PHI,Dry,"Cloudy Temp: 76° F, Humidity: 82%, Wind: E 5 mph"
2020_03_DAL_SEA,Dry,"Sunny Temp: 63° F, Humidity: 65%, Wind: NNE 3 mph"
2020_03_HOU_PIT,Dry,"Mostly Cloudy Temp: 79° F, Humidity: 69%, Wind: From S 6 mph"
2020_03_KC_BAL,Dry,"Mostly Cloudy Temp: 73° F, Humidity: 84%, Wind: SSE 8 mph"
2020_03_LA_BUF,Dry,"Sunny Temp: 79° F, Humidity: 52%, Wind: SW 16 mph"
2020_03_LV_NE,Dry,"Partly Cloudy Temp: 73° F, Humidity: 81%, Wind: NE 8 mph"
2020_03_MIA_JAX,Dry,"Party Cloudy Temp: 81° F, Humidity: 75%, Wind: SE 12 mph"
2020_03_SF_NYG,Dry,"Mostly Cloudy Temp: 75° F, Humidity: 72%, Wind: South 2 mph"
2020_03_TB_DEN,Dry,"Partly Cloudy Temp: 55° F, Humidity: 39%, Wind: NE 7 mph"
2020_03_WAS_CLE,Dry,"Sunny Temp: 73° F, Humidity: 64%, Wind: S 18 mph"
2020_04_ARI_CAR,Dry,"Mostly Sunny Temp: 68° F, Humidity: 48%, Wind: N 8 mph"
2020_04_ATL_GB,Dry,"Clear Temp: 53° F, Humidity: 46%, Wind: S 9 mph"
2020_04_BAL_WAS,Dry,"Sunny Temp: 65° F, Humidity: 45%, Wind: NE 5 mph"
2020_04_DEN_NYJ,Dry,"Cloudy Temp: 64° F, Humidity: 55%, Wind: SW 6 mph"
2020_04_IND_CHI,Dry,"Partly Cloudy Temp: 52° F, Humidity: 54%, Wind: NNW 10-20 MPH mph"
2020_04_JAX_CIN,Dry,"Cloudy Temp: 64° F, Humidity: 58%, Wind: S 6 mph, gusts to 8 mph"
2020_04_LAC_TB,Dry,"Cloudy Temp: 75° F, Humidity: 87%, Wind: NNE 6 mph"
2020_04_NE_KC,Dry,"Clear Temp: 73° F, Humidity: 39%, Wind: South 14 mph"
2020_04_PHI_SF,Dry,"Sunny Temp: 84° F, Humidity: 30%, Wind: NNW 12 mph"
2020_04_SEA_MIA,Dry,"Cloudy Temp: 86° F, Humidity: 71%, Wind: ESE 13 mph"
2020_05_ARI_NYJ,Dry,"Cloudy Temp: 64° F, Humidity: 57%, Wind: NNE 8 mph"
2020_05_BUF_TEN,Dry,"Sunny Temp: 73° F, Humidity: 32%, Wind: N 3 mph"
2020_05_CIN_BAL,Dry,"Cloudy Temp: 69° F, Humidity: 92%, Wind: ESE 3 mph"
2020_05_IND_CLE,Dry,"Sunny Temp: 64° F, Humidity: 67%, Wind: NNE 16 mph"
2020_05_LA_WAS,Dry,"Cloudy Temp: 69° F, Humidity: 82%, Wind: SSE 2 mph"
2020_05_LV_KC,Dry,"Sunny Temp: 80° F, Humidity: 57%, Wind: SSE 16 mph"
2020_05_MIA_SF,Dry,"Sunny Temp: 73° F, Humidity: 41%, Wind: W 6 mph"
2020_05_MIN_SEA,Rain,"Rain Temp: 54° F, Humidity: 90%, Wind: SSE 10 mph"
2020_05_PHI_PIT,Dry,"Cloudy Temp: 70° F, Humidity: 89%, Wind: From East 4 mph"
2020_05_TB_CHI,Dry,"Clear Temp: 57° F, Humidity: 74%, Wind: SE 7 mph"
2020_06_BAL_PHI,Dry,"Sunny Temp: 61° F, Humidity: 52%, Wind: SE 7 mph"
2020_06_CHI_CAR,Dry,"Sunny Temp: 63° F, Humidity: 44%, Wind: NNE 6 mph"
2020_06_CLE_PIT,Dry,"Mostly Sunny Temp: 61° F, Humidity: 43%, Wind: From S 9 mph"
2020_06_DEN_NE,Dry,"Sunny Temp: 58° F, Humidity: 45%, Wind: ESE 7 mph"
2020_06_DET_JAX,Dry,"Cloudy Temp: 78° F, Humidity: 78%, Wind: E 10 mph"
2020_06_GB_TB,Dry,"Cloudy Temp: 88° F, Humidity: 48%, Wind: ENE 12 mph"
2020_06_HOU_TEN,Dry,"Cloudy Temp: 61° F, Humidity: 58%, Wind: South 10 mph"
2020_06_KC_BUF,Rain,"Cloudy with showers Temp: 51° F, Humidity: 92%, Wind: NE 6 mph"
2020_06_LA_SF,Dry,"Sunny Temp: 86° F, Humidity: 22%, Wind: NW 10 mph"
2020_06_NYJ_MIA,Dry,"Partly Cloudy Temp: 85° F, Humidity: 66%, Wind: ENE 15 mph"
2020_06_WAS_NYG,Dry,"Partly Cloudy Temp: 62° F, Humidity: 48%, Wind: Calm mph"
2020_07_BUF_NYJ,Dry,"Mostly Cloudy Temp: 52° F, Humidity: 52%, Wind: NE 8 mph"
2020_07_CLE_CIN,Dry,"Cloudy Temp: 48° F, Humidity: 77%, Wind: NE 8 mph, gusts to 10 mph"
2020_07_DAL_WAS,Dry,"Cloudy Temp: 46° F, Humidity: 90%, Wind: N 5 mph"
2020_07_KC_DEN,Snow,"Light Snow/Fog Temp: 14° F, Humidity: 78%, Wind: N 11 mph"
2020_07_NYG_PHI,Dry,"Clear Temp: 70° F, Humidity: 75%, Wind: E 4 mph"
2020_07_PIT_TEN,Dry,"Cloudy Temp: 55° F, Humidity: 88%, Wind: NNW 3 mph"
2020_07_SF_NE,Dry,"Cloudy Temp: 49° F, Humidity: 60%, Wind: ENE 7 mph"
2020_08_ATL_CAR,Dry,"Partly Cloudy Temp: 76° F, Humidity: 76%, Wind: SSW 8 mph"
2020_08_DAL_PHI,Dry,"Cloudy Temp: 49° F, Humidity: 66%, Wind: WNW 17 mph"
2020_08_LAC_DEN,Dry,"Sunny Temp: 64° F, Humidity: 23%, Wind: North 10 mph"
2020_08_LA_MIA,Dry,"Cloudy Temp: 86° F, Humidity: 73%, Wind: E 10 mph"
2020_08_LV_CLE,Dry,"Cloudy Temp: 49° F, Humidity: 56%, Wind: W 35 mph"
2020_08_MIN_GB,Dry,"Cloudy and Windy Temp: 34° F, Humidity: 50%, Wind: NW 23 mph"
2020_08_NE_BUF,Rain,"Rain Temp: 41° F, Humidity: 87%, Wind: W 17 mph"
2020_08_NO_CHI,Dry,"Partly Cloudy/Windy Temp: 40° F, Humidity: 41%, Wind: SE 20 MPH mph"
2020_08_NYJ_KC,Dry,"sunny Temp: 52° F, Humidity: 0%, Wind: south 11 mph"
2020_08_PIT_BAL,Light rain,"Cloudy, Light Rain Temp: 52° F, Humidity: 97%, Wind: SSW 7 mph"
2020_08_SF_SEA,Dry,"Sunny Temp: 55° F, Humidity: 58%, Wind: N 4 mph"
2020_08_TB_NYG,Dry,"Fair Temp: 39° F, Humidity: 46%, Wind: SW 8 mph"
2020_08_TEN_CIN,Dry,"Sunny Temp: 48° F, Humidity: 52%, Wind: W 24 mph, gusts to 35 mph"
2020_09_CAR_KC,Dry,"cloudy Temp: 71° F, Humidity: 63%, Wind: south 19 mph"
2020_09_CHI_TEN,Dry,"Sunny Temp: 77° F, Humidity: 55%, Wind: SE 14 mph"
2020_09_GB_SF,Dry,"Sunny Temp: 78° F, Humidity: 83%, Wind: N 5 mph"
2020_09_HOU_JAX,Dry,"Partly Cloudy Temp: 79° F, Humidity: 71%, Wind: E/NE 14 mph"
2020_09_NE_NYJ,Dry,"Clear Temp: 61° F, Humidity: 72%, Wind: S 2 mph"
2020_09_NO_TB,Dry,"Cloudy Temp: 77° F, Humidity: 76%, Wind: NE 17 mph"
2020_09_NYG_WAS,Dry,"Sunny Temp: 75° F, Humidity: 49%, Wind: SSW 1 mph"
2020_09_SEA_BUF,Dry,"Clear, sunny Temp: 69° F, Humidity: 41%, Wind: WSW 4 mph"
2020_10_BAL_NE,Rain,"Rain Temp: 52° F, Humidity: 81%, Wind: SE 13 mph"
2020_10_CIN_PIT,Dry,"Cloudy Temp: 52° F, Humidity: 82%, Wind: From SW 21 mph"
2020_10_HOU_CLE,Rain,"Rain Temp: 59° F, Humidity: 66%, Wind: SE 25 mph"
2020_10_IND_TEN,Dry,"Clear Temp: 56° F, Humidity: 46%, Wind: N 6 mph"
2020_10_JAX_GB,Dry,"Cloudy Temp: 38° F, Humidity: 76%, Wind: W 23 mph"
2020_10_LAC_MIA,Dry,"Partly Coudy Temp: 83° F, Humidity: 73%, Wind: SE 7 mph mph"
2020_10_MIN_CHI,Dry,"Clear Temp: 44° F, Humidity: 59%, Wind: WNW 11 mph mph"
2020_10_PHI_NYG,Dry,"Mostly Cloudy Temp: 56° F, Humidity: 60%, Wind: South 18 mph"
2020_10_TB_CAR,Dry,"Cloudy Temp: 65° F, Humidity: 90%, Wind: SSW 15 mph"
2020_11_ARI_SEA,Dry,"Partly Cloudy Temp: 48° F, Humidity: 74%, Wind: NNW 11 mph"
2020_11_CIN_WAS,Dry,"Cloudy Temp: 57° F, Humidity: 63%, Wind: E 7 mph"
2020_11_DET_CAR,Dry,"Temp: 65° F, Humidity: 67%, Wind: ENE 7 mph"
2020_11_LA_TB,Dry,"Clear Temp: 69° F, Humidity: 65%, Wind: NNW 5 mph"
2020_11_MIA_DEN,Dry,"Mostly Sunny Temp: 45° F, Humidity: 19%, Wind: SW 7 mph"
2020_11_PHI_CLE,Rain,"Rain Temp: 38° F, Humidity: 88%, Wind: NE 8 mph"
2020_11_PIT_JAX,Dry,"Cloudy Temp: 72° F, Humidity: 84%, Wind: NE 3mph mph"
2020_11_TEN_BAL,Dry,"Cloudy Temp: 53° F, Humidity: 67%, Wind: East 6 mph"
2020_12_ARI_NE,Dry,"Sunny Temp: 52° F, Humidity: 40%, Wind: SW 8 mph"
2020_12_BAL_PIT,Dry,"Mostly Cloudy Temp: 36° F, Humidity: 68%, Wind: From SW 14 mph"
2020_12_CHI_GB,Dry,"Clear Temp: 37° F, Humidity: 59%, Wind: NW 13 mph"
2020_12_CLE_JAX,Dry,"Partly Cloudy Temp: 70° F, Humidity: 83%, Wind: ENE 1mph mph"
2020_12_KC_TB,Dry,"Clear Temp: 81° F, Humidity: 50%, Wind: SW 5 mph"
2020_12_LAC_BUF,Dry,"Sunny Temp: 48° F, Humidity: 52%, Wind: SW 7 mph"
2020_12_MIA_NYJ,Dry,"Sunny Temp: 54° F, Humidity: 32%, Wind: SW 2 mph"
2020_12_NO_DEN,Dry,"Clear Temp: 38° F, Humidity: 33%, Wind: N 6 mph"
2020_12_NYG_CIN,Dry,"Mostly Cloudy Temp: 52° F, Humidity: 50%, Wind: NNE 4 mph, gusts to 6 mph"
2020_12_SEA_PHI,Rain,"Rain Temp: 60° F, Humidity: 94%, Wind: SW 16 mph"
2020_13_CIN_MIA,Dry,"Mostly Cloudy Temp: 81° F, Humidity: 64%, Wind: WSW 5 mph"
2020_13_CLE_TEN,Dry,"Sunny Temp: 52° F, Humidity: 68%, Wind: SE 1 mph"
2020_13_DAL_BAL,Dry,"Clear Temp: 38° F, Humidity: 54%, Wind: WNW 9 mph"
2020_13_DEN_KC,Dry,"Clear Temp: 41° F, Humidity: 70%, Wind: NW 9 mph"
2020_13_DET_CHI,Dry,"Cloudy Temp: 35° F, Humidity: 80%, Wind: SE 5 MPH mph"
2020_13_LV_NYJ,Dry,"Sunny and Cold Temp: 39° F, Humidity: 46%, Wind: WNW 18 mph"
2020_13_NYG_SEA,Dry,"Cloudy Temp: 51° F, Humidity: 83%, Wind: S 4 mph"
2020_13_PHI_GB,Dry,"Cloudy Temp: 34° F, Humidity: 64%, Wind: SW 9 mph"
2020_13_WAS_PIT,Dry,"Cloudy Temp: 34° F, Humidity: 58%, Wind: NW 10 mph"
2020_14_ARI_NYG,Dry,"Fair Temp: 59° F, Humidity: 58%, Wind: West 15 mph"
2020_14_BAL_CLE,Dry,"Cloudy Temp: 34° F, Humidity: 51%, Wind: W 18 mph"
2020_14_DAL_CIN,Dry,"Cloudy Temp: 44° F, Humidity: 73%, Wind: NW 5 mph"
2020_14_DEN_CAR,Dry,"Partly Cloudy Temp: 70° F, Humidity: 67%, Wind: SW 7 mph"
2020_14_HOU_CHI,Dry,"Partly Cloudy Temp: 34° F, Humidity: 70%, Wind: N 1 MPH mph"
2020_14_KC_MIA,Dry,"Sunny Temp: 81° F, Humidity: 56%, Wind: SE 8 mph"
2020_14_MIN_TB,Dry,"Cloudy Temp: 78° F, Humidity: 63%, Wind: S 5 mph"
2020_14_NO_PHI,Dry,"Clear Temp: 57° F, Humidity: 49%, Wind: WNW 10 mph"
2020_14_NYJ_SEA,Dry,"Cloudy Temp: 43° F, Humidity: 90%, Wind: SE 8 mph"
2020_14_PIT_BUF,Snow,"Cloudy with snow flurries Temp: 35° F, Humidity: 71%, Wind: W 11 mph"
2020_14_TEN_JAX,Dry,"Partly Cloudy Temp: 69° F, Humidity: 83%, Wind: North 2mph mph"
2020_15_BUF_DEN,Dry,"Mostly sunny Temp: 47° F, Humidity: 22%, Wind: West 24 mph"
2020_15_CAR_GB,Dry,"Cloudy Temp: 33° F, Humidity: 85%, Wind: W 5 mph"
2020_15_CLE_NYG,Dry,"Overcast Temp: 36° F, Humidity: 82%, Wind: 0 mph"
2020_15_DET_TEN,Dry,"Cloudy Temp: 46° F, Humidity: 86%, Wind: WSW 5 mph"
2020_15_JAX_BAL,Dry,"Partly Cloudy Temp: 39° F, Humidity: 78%, Wind: SSW 3 mph"
2020_15_NE_MIA,Dry,"Mostly Cloudy Temp: 79° F, Humidity: 65%, Wind: S 9 mph mph"
2020_15_PIT_CIN,Dry,"Cloudy Temp: 43° F, Humidity: 63%, Wind: SW 10 mph, gusts to 14 mph"
2020_15_SEA_WAS,Dry,"Cloudy Temp: 43° F, Humidity: 69%, Wind: S 8 mph"
2020_16_ATL_KC,Dry,"Temp: 49° F, Humidity: 44%, Wind: W 8 mph"
2020_16_BUF_NE,Dry,"Clear Temp: 41° F, Humidity: 90%, Wind: SSW 4 mph"
2020_16_CAR_WAS,Dry,"Sunny Temp: 41° F, Humidity: 46%, Wind: SE 6 mph"
2020_16_CHI_JAX,Dry,"Clear Temp: 55° F, Humidity: 60%, Wind: ESE 5 mph"
2020_16_CLE_NYJ,Dry,"Sunny and cold Temp: 37° F, Humidity: 42%, Wind: WSW 5 mph"
2020_16_IND_PIT,Dry,"Sunny Temp: 37° F, Humidity: 65%, Wind: SE 6 mph"
2020_16_LA_SEA,Dry,"Cloudy Temp: 45° F, Humidity: 89%, Wind: NNE 2 mph"
2020_16_NYG_BAL,Dry,"Sunny Temp: 38° F, Humidity: 48%, Wind: SSE 3 mph"
2020_16_TEN_GB,Snow,"Snow Temp: 28° F, Humidity: 88%, Wind: N 15 mph"
2020_17_ATL_TB,Dry,"Cloudy Temp: 65° F, Humidity: 77%, Wind: N 4 mph"
2020_17_BAL_CIN,Dry,"Cloudy Temp: 39° F, Humidity: 79%, Wind: W 10 mph"
2020_17_DAL_NYG,Dry,"Overcast Temp: 33° F, Humidity: 85%, Wind: NE 6 mph"
2020_17_GB_CHI,Dry,"Cloudy Temp: 32° F, Humidity: 85%, Wind: W 7 MPH mph"
2020_17_LAC_KC,Dry,"cloudy Temp: 35° F, Humidity: 88%, Wind: South 6 mph"
2020_17_LV_DEN,Dry,"Partly Cloundy Temp: 53° F, Humidity: 19%, Wind: South West 10 mph"
2020_17_MIA_BUF,Dry,"Cloudy Temp: 35° F, Humidity: 93%, Wind: SW 1 mph"
2020_17_NO_CAR,Dry,"Cloudy Temp: 57° F, Humidity: 80%, Wind: ENE 2 mph"
2020_17_NYJ_NE,Dry,"Cloudy Temp: 33° F, Humidity: 75%, Wind: North 5 mph"
2020_17_PIT_CLE,Dry,"Cloudy Temp: 38° F, Humidity: 91%, Wind: West 7 mph"
2020_17_WAS_PHI,Rain,"Rain Temp: 38° F, Humidity: 92%, Wind: N 10 mph"
2020_18_BAL_TEN,Dry,"Cloudy Temp: 33° F, Humidity: 63%, Wind: NE 1 mph"
2020_18_CLE_PIT,Dry,"Clear Temp: 34° F, Humidity: 72%, Wind: E 1 mph"
2020_18_IND_BUF,Dry,"Sunny with some clouds Temp: 34° F, Humidity: 59%, Wind: W 6 mph"
2020_18_LA_SEA,Dry,"Cloudy Temp: 39° F, Humidity: 91%, Wind: N 1 mph"
2020_18_TB_WAS,Dry,"Clear Temp: 40° F, Humidity: 47%, Wind: NW 10 mph"
2020_19_BAL_BUF,Dry,"Mostly cloudy Temp: 34° F, Humidity: 81%, Wind: W 13 mph"
2020_19_CLE_KC,Dry,"Cloudy Temp: 40° F, Humidity: 62%, Wind: Northwest 13 mph"
2020_19_LA_GB,Dry,"Cloudy Temp: 35° F, Humidity: 69%, Wind: NW 13 mph"
2020_20_BUF_KC,Dry,"Cloudy Temp: 40° F, Humidity: 70%, Wind: NE 7 mph"
2020_20_TB_GB,Dry,"Sunny Temp: 29° F, Humidity: 75%, Wind: W 10 mph"
2020_21_KC_TB,Dry,"Clear Temp: 63° F, Humidity: 78%, Wind: NW 9 mph"
2012_01_ATL_KC,Dry,"Sunny and clear Temp: 69° F, Humidity: 47%, Wind: NE 7 mph"
2012_01_BUF_NYJ,Dry,"Sunny Temp: 74° F, Humidity: 48%, Wind: West 1 MPH mph"
2012_01_CAR_TB,Dry,"Cloudy Temp: 83° F, Humidity: 79%, Wind: SW 15 mph"
2012_01_CIN_BAL,Dry,"Clear Temp: 74° F, Humidity: 37%, Wind: NW 10 mph"
2012_01_DAL_NYG,Dry,"Fair Temp: 77° F, Humidity: 63%, Wind: WNW 5 mph"
2012_01_IND_CHI,Dry,"Partly Cloudy Temp: 67° F, Humidity: 66%, Wind: N 13 mph"
2012_01_NE_TEN,Dry,"Sunny Temp: 74° F, Humidity: 45%, Wind: WNW 4 mph"
2012_01_PHI_CLE,Dry,"Sunny Temp: 68° F, Humidity: 57%, Wind: NNW 9 mph"
2012_01_PIT_DEN,Dry,"Sunny Temp: 85° F, Humidity: 12%, Wind: NE 10 mph"
2012_01_SD_OAK,Dry,"Blue skies Temp: 67° F, Humidity: 59%, Wind: WNW 11 MPH mph"
2012_01_SF_GB,Dry,"Partly Cloudy Temp: 72° F, Humidity: 40%, Wind: NorthWest 11 mph"
2012_02_ARI_NE,Dry,"Partly Cloudy Temp: 64° F, Humidity: 55%, Wind: South 2 mph"
2012_02_BAL_PHI,Dry,"Sunny Temp: 72° F, Humidity: 40%, Wind: W 5 mph"
2012_02_CHI_GB,Dry,"Cloudy Temp: 60° F, Humidity: 67%, Wind: 0 mph"
2012_02_CLE_CIN,Dry,"Sunny Temp: 76° F, Humidity: 37%, Wind: SSE 5 mph"
2012_02_DAL_SEA,Dry,"Sunny Temp: 68° F, Humidity: 56%, Wind: NNW 4 mph"
2012_02_DET_SF,Dry,"Mostly Sunny Temp: 62° F, Humidity: 62%, Wind: NW 15 MPH mph"
2012_02_HOU_JAX,Dry,"Heat Index 91 degrees Temp: 83° F, Humidity: 66%, Wind: East 5 mph"
2012_02_KC_BUF,Dry,"Mostly sunny Temp: 66° F, Humidity: 55%, Wind: WSW 11 mph"
2012_02_MIN_IND,Dry,"Sunny Temp: 72° F, Humidity: 41%, Wind: SSE 7 mph"
2012_02_NO_CAR,Dry,"Cloudy Temp: 71° F, Humidity: 85%, Wind: ENE 4 mph"
2012_02_NYJ_PIT,Dry,"Fair Temp: 71° F, Humidity: 36%, Wind: From ENE 2 mph"
2012_02_OAK_MIA,Dry,"Cloudy Temp: 80° F, Humidity: 75%, Wind: East 8 mph"
2012_02_TB_NYG,Dry,"Mostly Sunny Temp: 73° F, Humidity: 39%, Wind: West 1 mph"
2012_02_TEN_SD,Dry,"Sunny Temp: 85° F, Humidity: 37%, Wind: S 8 mph"
2012_03_ATL_SD,Dry,"Sunny Temp: 82° F, Humidity: 52%, Wind: WSW 13 mph"
2012_03_BUF_CLE,Rain,"Rain Temp: 53° F, Humidity: 79%, Wind: sw 9 mph"
2012_03_CIN_WAS,Dry,"Sunny Temp: 65° F, Humidity: 40%, Wind: North 6 mph"
2012_03_DET_TEN,Dry,"Sunny Temp: 68° F, Humidity: 32%, Wind: East 5 mph"
2012_03_GB_SEA,Dry,"Sunny Temp: 67° F, Humidity: 49%, Wind: NW 3 mph"
2012_03_HOU_DEN,Dry,"Partly Sunny Temp: 84° F, Humidity: 10%, Wind: NW 13 mph"
2012_03_JAX_IND,Dry,"Partly Cloudy Temp: 59° F, Humidity: 46%, Wind: WNW 10 mph"
2012_03_NE_BAL,Dry,"Partly Cloudy Temp: 67° F, Humidity: 39%, Wind: NW 5 mph"
2012_03_NYG_CAR,Dry,"Partly Cloudy Temp: 75° F, Humidity: 56%, Wind: WSW 3 mph"
2012_03_NYJ_MIA,Dry,"Mostly Cloudy Temp: 83° F, Humidity: 76%, Wind: NNW 4 mph"
2012_03_PIT_OAK,Dry,"Cloudy / Warm Temp: 69° F, Humidity: 53%, Wind: WNW 10 mph"
2012_03_STL_CHI,Dry,"Partly cloudy, temps to upper 50's. Temp: 56° F, Humidity: 42%, Wind: NW 10 mph"
2012_04_CIN_JAX,Dry,"Temp: 86° F, Humidity: 62%, Wind: SE 7 mph"
2012_04_CLE_BAL,Rain,"Cloudy, Showers Temp: 77° F, Humidity: 64%, Wind: East 5 mph"
2012_04_NE_BUF,Dry,"Partly cloudy Temp: 58° F, Humidity: 72%, Wind: N 7 mph"
2012_04_NO_GB,Dry,"Partly cloudy Temp: 64° F, Humidity: 58%, Wind: East 7 mph"
2012_04_NYG_PHI,Dry,"Partly Cloudy Temp: 63° F, Humidity: 59%, Wind: W 6 mph"
2012_04_OAK_DEN,Dry,"Mostly Sunny Temp: 72° F, Humidity: 26%, Wind: NE 6 mph"
2012_04_SD_KC,Dry,"Cloudy Temp: 67° F, Humidity: 54%, Wind: Calm 0 mph"
2012_04_SF_NYJ,Dry,"Partly Cloudy Temp: 67° F, Humidity: 50%, Wind: WNW 4 mph"
2012_04_WAS_TB,Dry,"Sunny Temp: 89° F, Humidity: 52%, Wind: SSW 11 mph"
2012_05_ATL_WAS,Dry,"Cloudy Temp: 52° F, Humidity: 77%, Wind: NE 3 mph"
2012_05_BAL_KC,Dry,"Sunny Temp: 47° F, Humidity: 45%, Wind: 0 mph"
2012_05_BUF_SF,Dry,"Sunny Temp: 62° F, Humidity: 70%, Wind: West 8mph mph"
2012_05_CHI_JAX,Dry,"Cloudy Temp: 88° F, Humidity: 53%, Wind: SW 3 mph"
2012_05_CLE_NYG,Rain,"Rain Temp: 51° F, Humidity: 84%, Wind: South 2 mph"
2012_05_DEN_NE,Rain,"Showers Temp: 54° F, Humidity: 65%, Wind: South 4 mph"
2012_05_HOU_NYJ,Dry,"Temp: 52° F, Humidity: 69%, Wind: North 4 MPH mph"
2012_05_MIA_CIN,Dry,"Cloudy Temp: 49° F, Humidity: 55%, Wind: WSW 6 mph"
2012_05_PHI_PIT,Dry,"Cloudy Temp: 48° F, Humidity: 68%, Wind: From WSW 4 mph"
2012_05_SEA_CAR,Dry,"Cloudy Temp: 63° F, Humidity: 69%, Wind: N 6 mph"
2012_06_CIN_CLE,Dry,"Sunny Temp: 70° F, Humidity: 65%, Wind: South 19 mph"
2012_06_DAL_BAL,Dry,"Partly Cloudy Temp: 69° F, Humidity: 45%, Wind: SW 11 mph"
2012_06_DEN_SD,Dry,"Sunny Temp: 78° F, Humidity: 50%, Wind: WSW 7 mph"
2012_06_DET_PHI,Dry,"Sunny Temp: 66° F, Humidity: 58%, Wind: SSW 15 mph"
2012_06_IND_NYJ,Dry,"Temp: 65° F, Humidity: 55%, Wind: SW 14 MPH mph"
2012_06_KC_TB,Dry,"Sunny Temp: 85° F, Humidity: 55%, Wind: E 9 mph"
2012_06_MIN_WAS,Dry,"Sunny Temp: 74° F, Humidity: 40%, Wind: South 14 mph"
2012_06_NE_SEA,Dry,"Cloudy Temp: 63° F, Humidity: 80%, Wind: SSE 9 mph"
2012_06_NYG_SF,Dry,"Sunny Temp: 61° F, Humidity: 80%, Wind: Northwest 7 mph"
2012_06_PIT_TEN,Dry,"Clear and Cool Temp: 64° F, Humidity: 52%, Wind: West 2 mph"
2012_06_STL_MIA,Dry,"Cloudy Temp: 84° F, Humidity: 72%, Wind: ENE 20 MPH mph"
2012_07_CLE_IND,Dry,"Sunny Temp: 60° F, Humidity: 65%, Wind: S 9 mph"
2012_07_DAL_CAR,Dry,"Sunny Temp: 62° F, Humidity: 43%, Wind: ENE 8 mph"
2012_07_DET_CHI,Dry,"Cloudy Temp: 63° F, Humidity: 89%, Wind: S 8 mph"
2012_07_JAX_OAK,Dry,"Partly Cloudy Temp: 62° F, Humidity: 49%, Wind: WSW 11 mph"
2012_07_NO_TB,Dry,"Sunny Temp: 77° F, Humidity: 36%, Wind: NNE 8 mph"
2012_07_NYJ_NE,Dry,"Partly Cloudy Temp: 62° F, Humidity: 39%, Wind: WNW 13 mph"
2012_07_PIT_CIN,Dry,"Clear Temp: 55° F, Humidity: 76%, Wind: S 1 mph"
2012_07_SEA_SF,Dry,"Sunny Temp: 80° F, Humidity: 30%, Wind: South 15 mph"
2012_07_TEN_BUF,Dry,"Mostly sunny Temp: 55° F, Humidity: 75%, Wind: WSW 15 mph"
2012_07_WAS_NYG,Dry,"Mostly Sunny Temp: 61° F, Humidity: 44%, Wind: NW 11 mph"
2012_08_ATL_PHI,Dry,"Mostly Cloudy Temp: 58° F, Humidity: 75%, Wind: NE 16 mph gusts to 30 mph"
2012_08_CAR_CHI,Dry,"Cloudy, wind gusts to 25mph. Temp: 49° F, Humidity: 51%, Wind: NE 18 mph"
2012_08_IND_TEN,Dry,"Sunny Temp: 52° F, Humidity: 49%, Wind: North 18 mph"
2012_08_JAX_GB,Dry,"Sunny Temp: 44° F, Humidity: 47%, Wind: Northeast 10 mph"
2012_08_MIA_NYJ,Dry,"Temp: 60° F, Humidity: 62%, Wind: NNE 9mph gusting to 17mph. mph"
2012_08_NE_STL,Dry,"Mostly Cloudy Temp: 49° F, Humidity: 84%, Wind: SW 9 mph"
2012_08_NO_DEN,Dry,"Partly Cloudy Temp: 59° F, Humidity: 30%, Wind: S 5 mph"
2012_08_NYG_DAL,Dry,"Sunny skies Temp: 62° F, Humidity: 23%, Wind: North 13 mph"
2012_08_OAK_KC,Dry,"Sunny Temp: 50° F, Humidity: 40%, Wind: E-NE 3 mph"
2012_08_SD_CLE,Dry,"Cloudy Overcast Temp: 44° F, Humidity: 89%, Wind: NNE 19 mph"
2012_08_WAS_PIT,Dry,"Cloudy Temp: 45° F, Humidity: 88%, Wind: From N 10 mph"
2012_09_ARI_GB,Dry,"Mostly Cloudy Temp: 39° F, Humidity: 57%, Wind: Northeast 7 mph"
2012_09_BAL_CLE,Dry,"Cloudy Temp: 39° F, Humidity: 69%, Wind: nw 8 mph"
2012_09_CAR_WAS,Dry,"Sunny Temp: 50° F, Humidity: 44%, Wind: NW 3 mph"
2012_09_CHI_TEN,Dry,"Sunny Temp: 50° F, Humidity: 63%, Wind: NNE 6 mph"
2012_09_DEN_CIN,Dry,"Partly Cloudy Temp: 48° F, Humidity: 59%, Wind: N 1 mph"
2012_09_DET_JAX,Dry,"Sunny Temp: 81° F, Wind: SW 10 mph"
2012_09_KC_SD,Dry,"Sunny Temp: 63° F, Humidity: 74%, Wind: WSW 12 mph"
2012_09_MIN_SEA,Dry,"Cloudy Temp: 60° F, Humidity: 89%, Wind: SSE 5 mph"
2012_09_PIT_NYG,Dry,"Mostly Clear Temp: 44° F, Humidity: 58%, Wind: WNW 5 mph"
2012_09_TB_OAK,Dry,"Sunny Temp: 71° F, Humidity: 55%, Wind: NW 7 MPH mph"
2012_10_BUF_NE,Dry,"Sunny Temp: 60° F, Humidity: 55%, Wind: SSW 12 mph"
2012_10_DAL_PHI,Dry,"Sunny Temp: 63° F, Humidity: 45%, Wind: SSE 7 mph"
2012_10_DEN_CAR,Dry,"Temp: 71° F, Humidity: 38%, Wind: SW 5 mph"
2012_10_HOU_CHI,Rain,"Rain, temps dropping to low 50's as game progresses. Temp: 54° F, Humidity: 90%, Wind: W 8 mph"
2012_10_IND_JAX,Maybe,"0% Chance of Rain Temp: 50° F, Wind: 0 mph"
2012_10_KC_PIT,Light rain,"Light Rain Temp: 45° F, Humidity: 84%, Wind: From W 16 mph"
2012_10_NYG_CIN,Dry,"Partly Cloudy Temp: 69° F, Humidity: 30%, Wind: SSW 16 mph"
2012_10_NYJ_SEA,Dry,"Cloudy Temp: 43° F, Humidity: 66%, Wind: SW 2 mph"
2012_10_OAK_BAL,Dry,"Sunny Temp: 61° F, Humidity: 56%, Wind: SSE 6 mph"
2012_10_SD_TB,Dry,"Cloudy Temp: 80° F, Humidity: 51%, Wind: E 10 mph"
2012_10_STL_SF,Dry,"Sunny Temp: 55° F, Humidity: 59%, Wind: northeast 5 mph"
2012_10_TEN_MIA,Dry,"Partly Cloudy Temp: 78° F, Humidity: 52%, Wind: ENE 20 mph"
2012_11_BAL_PIT,Dry,"Clear Temp: 46° F, Humidity: 52%, Wind: From E 5 mph"
2012_11_CHI_SF,Dry,"Cloudy Temp: 64° F, Humidity: 52%, Wind: Southerly 12 mph"
2012_11_CIN_KC,Dry,"Sunny Temp: 59° F, Humidity: 37%, Wind: South 15-25 mph"
2012_11_IND_NE,Dry,"Clear and cool Temp: 42° F, Humidity: 62%, Wind: NNE 14 mph"
2012_11_MIA_BUF,Dry,"Clear and crisp Temp: 35° F, Humidity: 73%, Wind: NE 5 mph"
2012_11_NO_OAK,Dry,"Partly cloudy Temp: 61° F, Humidity: 62%, Wind: W 3 mph"
2012_11_PHI_WAS,Dry,"Cloudy Temp: 52° F, Humidity: 55%, Wind: ENE 9 mph"
2012_11_SD_DEN,Dry,"Sunny Temp: 62° F, Humidity: 22%, Wind: SE 3 mph"
2012_11_TB_CAR,Dry,"Cloudy Temp: 53° F, Humidity: 15%, Wind: NNE 9 mph"
2012_12_ATL_TB,Dry,"Sunny Temp: 65° F, Humidity: 30%, Wind: W 7 mph"
2012_12_BAL_SD,Dry,"Partly Cloudy Temp: 59° F, Humidity: 82%, Wind: SSW 1 mph"
2012_12_CAR_PHI,Dry,"Clear Temp: 36° F, Humidity: 42%, Wind: WNW 2 mph"
2012_12_DEN_KC,Dry,"Sunny Temp: 52° F, Humidity: 38%, Wind: N-NE 5-9 mph"
2012_12_GB_NYG,Dry,"Mostly Clear Temp: 34° F, Humidity: 60%, Wind: WSW 17 mph"
2012_12_MIN_CHI,Dry,"Partly Cloudy Temp: 41° F, Humidity: 26%, Wind: W 5 mph"
2012_12_NE_NYJ,Dry,"Clear Temp: 46° F, Humidity: 72%, Wind: SSW 2 MPH mph"
2012_12_OAK_CIN,Dry,"Mostly Sunny Temp: 41° F, Humidity: 47%, Wind: SW 9 mph"
2012_12_PIT_CLE,Dry,"Sunny Temp: 34° F, Humidity: 65%, Wind: ssw 10 mph mph"
2012_12_SEA_MIA,Dry,"Sunny Temp: 72° F, Humidity: 51%, Wind: WNW 6 mph"
2012_12_TEN_JAX,Dry,"Temp: 60° F, Wind: NW 4 mph"
2012_13_ARI_NYJ,Dry,"Temp: 46° F, Humidity: 89%, Wind: SW 6 mph"
2012_13_CAR_KC,Dry,"Sunny Temp: 61° F, Humidity: 60%, Wind: 0 mph"
2012_13_CIN_SD,Dry,"Cloudy Temp: 66° F, Humidity: 65%, Wind: NW 14 mph"
2012_13_CLE_OAK,Dry,"Cloudy skies Temp: 61° F, Humidity: 84%, Wind: West 21 mph"
2012_13_HOU_TEN,Dry,"Cloudy Temp: 66° F, Humidity: 60%, Wind: SSW 19 mph"
2012_13_JAX_BUF,Rain,"Rain Temp: 52° F, Humidity: 87%, Wind: SW 17 mph"
2012_13_MIN_GB,Dry,"Cloudy Temp: 45° F, Humidity: 79%, Wind: Northwest 8 mph"
2012_13_NE_MIA,Dry,"Cloudy Temp: 77° F, Humidity: 66%, Wind: E 18 mph"
2012_13_NYG_WAS,Dry,"Partly Cloudy Temp: 55° F, Humidity: 98%, Wind: East 1 mph"
2012_13_PIT_BAL,Dry,"Partly Cloudy Temp: 57° F, Humidity: 62%, Wind: South 9 mph"
2012_13_SEA_CHI,Dry,"Cloudy Temp: 61° F, Humidity: 76%, Wind: W 4 mph"
2012_13_TB_DEN,Dry,"Partly Cloudy Temp: 64° F, Humidity: 16%, Wind: North 4 mph"
2012_14_ARI_SEA,Rain,"Rain Temp: 48° F, Humidity: 82%, Wind: SE 8 mph"
2012_14_ATL_CAR,Dry,"Cloudy Temp: 70° F, Humidity: 50%, Wind: SSW 4 mph"
2012_14_BAL_WAS,Dry,"Cloudy Temp: 51° F, Humidity: 95%, Wind: NE 7 mph"
2012_14_DAL_CIN,Dry,"Cloudy Temp: 53° F, Humidity: 96%, Wind: SSE 6 mph"
2012_14_DEN_OAK,Dry,"Cloudy Skies Temp: 57° F, Humidity: 73%, Wind: WNW 7 mph"
2012_14_DET_GB,Snow,"Snow Temp: 33° F, Humidity: 92%, Wind: East 10 mph"
2012_14_HOU_NE,Rain,"Rainy and warm Temp: 59° F, Humidity: 91%, Wind: SSW 7 mph"
2012_14_KC_CLE,Dry,"Cloudy Temp: 44° F, Humidity: 70%, Wind: SE 5 mph"
2012_14_MIA_SF,Dry,"Sunny Temp: 62° F, Humidity: 44%, Wind: West 3 mph"
2012_14_NO_NYG,Rain,"Rain Temp: 42° F, Humidity: 88%, Wind: ENE 1 mph"
2012_14_NYJ_JAX,Maybe,"10% Chance of Rain Temp: 67° F, Wind: N 10 mph"
2012_14_PHI_TB,Dry,"Cloudy Temp: 69° F, Humidity: 92%, Wind: WNW 1 mph"
2012_14_SD_PIT,Dry,"Cloudy Temp: 45° F, Humidity: 80%, Wind: From ESE 10 mph"
2012_14_STL_BUF,Dry,"Cloudy Temp: 37° F, Humidity: 74%, Wind: E 14 mph"
2012_15_CAR_SD,Dry,"Cloudy Temp: 59° F, Humidity: 64%, Wind: SSE 6 mph"
2012_15_CIN_PHI,Dry,"Cloudy Temp: 36° F, Humidity: 55%, Wind: NE 1 mph"
2012_15_DEN_BAL,Dry,"Cloudy Temp: 53° F, Humidity: 74%, Wind: SSE 7 mph"
2012_15_GB_CHI,Maybe,"Cloudy, temps in the mid 40's, 20% chance of light rain Temp: 44° F, Humidity: 79%, Wind: W 9 mph"
2012_15_JAX_MIA,Dry,"Cloudy Temp: 80° F, Humidity: 60%, Wind: SE 13 mph"
2012_15_KC_OAK,Dry,"Cloudy Temp: 54° F, Humidity: 77%, Wind: South 2 mph"
2012_15_NYJ_TEN,Dry,"Cloudy Temp: 54° F, Humidity: 83%, Wind: WNW 10 mph"
2012_15_SF_NE,Rain,"Cold and rain Temp: 34° F, Humidity: 100%, Wind: ENE 5 mph"
2012_15_WAS_CLE,Dry,"Sunny Temp: 59° F, Humidity: 67%, Wind: SSW 18 mph"
2012_16_BUF_MIA,Dry,"Sunny Temp: 73° F, Humidity: 47%, Wind: E 8 mph"
2012_16_CIN_PIT,Dry,"Sunny Temp: 35° F, Humidity: 56%, Wind: From SW 10 mph"
2012_16_CLE_DEN,Dry,"Partly Cloudy Temp: 51° F, Humidity: 22%, Wind: SW 15 mph"
2012_16_IND_KC,Dry,"Sunny Temp: 25° F, Humidity: 74%, Wind: North 6-8 mph mph"
2012_16_NE_JAX,Maybe,"No chance of rain Temp: 58° F, Wind: 0 mph"
2012_16_NYG_BAL,Dry,"Sunny Temp: 51° F, Humidity: 33%, Wind: SW 7 mph"
2012_16_OAK_CAR,Dry,"Cloudy Temp: 53° F, Humidity: 43%, Wind: NW 3 mph"
2012_16_SD_NYJ,Dry,"Sunny Temp: 39° F, Humidity: 54%, Wind: W 13 MPH mph"
2012_16_SF_SEA,Rain,"Rain Temp: 45° F, Humidity: 76%, Wind: N 3 mph"
2012_16_STL_TB,Dry,"Cloudy Temp: 59° F, Humidity: 28%, Wind: ESE 8 mph"
2012_16_TEN_GB,Dry,"Mostly Sunny Temp: 24° F, Humidity: 68%, Wind: Northwest 9 mph"
2012_16_WAS_PHI,Dry,"Sunny Temp: 40° F, Humidity: 52%, Wind: WSW 11 mph"
2012_17_ARI_SF,Dry,"Sunny Temp: 50° F, Humidity: 70%, Wind: N 5 mph"
2012_17_BAL_CIN,Dry,"Partly Cloudy Temp: 26° F, Humidity: 72%, Wind: SW 8 mph"
2012_17_CLE_PIT,Dry,"Cloudy Temp: 28° F, Humidity: 78%, Wind: From WSW 12 mph"
2012_17_DAL_WAS,Dry,"Cloudy Temp: 37° F, Humidity: 53%, Wind: West 9 mph"
2012_17_JAX_TEN,Dry,"Sunny Temp: 39° F, Humidity: 50%, Wind: South 4 mph"
2012_17_KC_DEN,Dry,"Partly Cloudy Temp: 35° F, Humidity: 41%, Wind: N 10 mph"
2012_17_MIA_NE,Dry,"Partly Cloudy and cold Temp: 28° F, Humidity: 45%, Wind: NW 15 mph"
2012_17_NYJ_BUF,Dry,"Mostly sunny Temp: 28° F, Humidity: 53%, Wind: NW 18 mph"
2012_17_OAK_SD,Dry,"Cloudy Temp: 50° F, Humidity: 80%, Wind: S 3 mph"
2012_17_PHI_NYG,Dry,"Windy Temp: 32° F, Humidity: 50%, Wind: WNW 13 mph"
2012_17_STL_SEA,Dry,"Sunny Temp: 41° F, Humidity: 77%, Wind: WNW 1 mph"
2012_18_IND_BAL,Dry,"Partly Cloudy Temp: 49° F, Humidity: 36%, Wind: WSW 8 mph"
2012_18_MIN_GB,Dry,"Cloudy Temp: 29° F, Humidity: 78%, Wind: Southwest 9 mph"
2012_18_SEA_WAS,Dry,"Cloudy Temp: 52° F, Humidity: 44%, Wind: SW 3 mph"
2012_19_BAL_DEN,Dry,"Partly Cloudy Temp: 13° F, Humidity: 62%, Wind: E 8 mph"
2012_19_GB_SF,Dry,"Cloudy Temp: 48° F, Humidity: 50%, Wind: W 5 mph"
2012_19_HOU_NE,Dry,"Cloudy and mild Temp: 51° F, Humidity: 87%, Wind: S 10 mph"
2012_20_BAL_NE,Dry,"Clear and windy Temp: 41° F, Humidity: 34%, Wind: NW 18 Gusts to 28 mph"
2022_01_BAL_NYJ,Rain,"Rain and mid 70s Temp: 73° F, Humidity: 79%, Wind: W 3 mph"
2022_01_CLE_CAR,Dry,"Cloudy Temp: 80° F, Humidity: 81%, Wind: NE 8 mph"
2022_01_DEN_SEA,Dry,"Sunny Temp: 74° F, Humidity: 53%, Wind: E 6 mph"
2022_01_JAX_WAS,Dry,"Cloudy Temp: 74° F, Humidity: 95%, Wind: South 4 mph"
2022_01_NE_MIA,Dry,"Partly Cloudy Temp: 92° F, Humidity: 58%, Wind: ESE 12 mph"
2022_01_NYG_TEN,Dry,"Cloudy Temp: 75° F, Humidity: 87%, Wind: WSW 9 mph"
2022_01_PIT_CIN,Dry,"Cloudy Temp: 76° F, Humidity: 83%, Wind: S 5 mph"
2022_01_SF_CHI,Rain,"Cloudy, rain Temp: 69° F, Humidity: 87%, Wind: SW 16 mph"
2022_02_CAR_NYG,Dry,"Fair Temp: 73° F, Humidity: 74%, Wind: W 12 mph"
2022_02_CHI_GB,Dry,"Cloudy Temp: 73° F, Humidity: 76%, Wind: SW 5 mph"
2022_02_HOU_DEN,Dry,"Sunny, temperature in 80s at end of game Temp: 77° F, Humidity: 28%, Wind: N 11 mph"
2022_02_IND_JAX,Dry,"Temp: 78° F, Humidity: 87%, Wind: N 9 mph"
2022_02_LAC_KC,Dry,"Temp: 81° F, Humidity: 40%, Wind: South 13 mph"
2022_02_MIA_BAL,Dry,"Sunny Temp: 82° F, Humidity: 61%, Wind: NE 6 mph"
2022_02_MIN_PHI,Dry,"Cloudy Temp: 76° F, Humidity: 62%, Wind: WNW 4 mph"
2022_02_NE_PIT,Dry,"Mostly Cloudy Temp: 81° F, Humidity: 51%, Wind: SW 8 mph"
2022_02_NYJ_CLE,Dry,"Sunny Temp: 80° F, Humidity: 55%, Wind: South 11 mph"
2022_02_SEA_SF,Dry,"Temp: 63° F, Humidity: 78%, Wind: SE 10 mph"
2022_02_TEN_BUF,Dry,"Partly cloudy Temp: 70° F, Humidity: 84%, Wind: West 11 mph"
2022_03_ATL_SEA,Dry,"Sunny Temp: 67° F, Humidity: 67%, Wind: S 6 mph"
2022_03_BAL_NE,Dry,"Mostly Cloudy Temp: 66° F, Humidity: 61%, Wind: NE 10 mph"
2022_03_BUF_MIA,Dry,"Partly Sunny Temp: 89° F, Humidity: 63%, Wind: N 5 mph"
2022_03_CIN_NYJ,Maybe,"Mostly Cloudy with Light Rain Forecasted Temp: 66° F, Humidity: 62%, Wind: S 8 mph"
2022_03_DAL_NYG,Dry,"Fair Temp: 66° F, Humidity: 44%, Wind: W 5 mph"
2022_03_GB_TB,Dry,"Cloudy Temp: 88° F, Humidity: 58%, Wind: N 5 mph"
2022_03_HOU_CHI,Dry,"Cloudy Temp: 66° F, Humidity: 68%, Wind: SE 13 mph"
2022_03_KC_IND,Dry,"Cloudy Temp: 65° F, Humidity: 71%, Wind: WNW 8 mph"
2022_03_LV_TEN,Dry,"Cloudy Temp: 77° F, Humidity: 72%, Wind: W 5 mph"
2022_03_NO_CAR,Dry,"Partly Cloudy Temp: 68° F, Humidity: 70%, Wind: SSW 7 mph"
2022_03_PHI_WAS,Dry,"Sunny Temp: 72° F, Humidity: 60%, Wind: SSW 9 mph"
2022_03_PIT_CLE,Dry,"Cloudy Temp: 60° F, Humidity: 54%, Wind: SE 21 mph"
2022_03_SF_DEN,Dry,"Clear, Temperature falling to near 60 by end of game Temp: 73° F, Humidity: 21%, Wind: NW 8 mph"
2022_04_ARI_CAR,Dry,"Mostly Cloudy Temp: 65° F, Humidity: 65%, Wind: ENE 9 mph"
2022_04_BUF_BAL,Rain,"Cloudy, Showers Temp: 52° F, Humidity: 35%, Wind: NNE 10 mph"
2022_04_CHI_NYG,Dry,"Overcast Temp: 58° F, Humidity: 65%, Wind: N 10 mph"
2022_04_CLE_ATL,Dry,"Sunny Temp: 72° F, Humidity: 64%, Wind: SE 10 mph"
2022_04_JAX_PHI,Rain,"Rain Temp: 59° F, Humidity: 79%, Wind: NNE 15 mph"
2022_04_KC_TB,Dry,"Clear Temp: 75° F, Humidity: 59%, Wind: NW 7 mph"
2022_04_LA_SF,Dry,"Clear Temp: 73° F, Humidity: 49%, Wind: NW 13 mph"
2022_04_MIA_CIN,Dry,"Clear Temp: 61° F, Humidity: 52%, Wind: NE 7 mph"
2022_04_MIN_NO,Dry,"Partly Cloudy Temp: 64° F, Humidity: 79%, Wind: SE 6 mph"
2022_04_NE_GB,Dry,"Sunny Temp: 66° F, Humidity: 54%, Wind: NE 10 mph"
2022_04_NYJ_PIT,Dry,"Cloudy Temp: 58° F, Humidity: 83%, Wind: NE 8 mph"
2022_04_TEN_IND,Dry,"Sunny Temp: 63° F, Humidity: 66%, Wind: NE 7 mph"
2022_05_ATL_TB,Dry,"Clear Temp: 83° F, Humidity: 57%, Wind: NE 8 mph"
2022_05_CIN_BAL,Dry,"Clear Temp: 60° F, Humidity: 42%, Wind: SW 3 mph"
2022_05_DET_NE,Dry,"Sunny Temp: 58° F, Humidity: 44%, Wind: NE 12 mph"
2022_05_HOU_JAX,Dry,"Partly Cloudy and Sunny Temp: 80° F, Humidity: 69%, Wind: ESE 8 mph"
2022_05_IND_DEN,Dry,"Partly Cloudy Temp: 69° F, Humidity: 24%, Wind: Northwest 6 mph"
2022_05_LAC_CLE,Dry,"sunny Temp: 59° F, Humidity: 44%, Wind: N 15 mph"
2022_05_LV_KC,Dry,"Cloudy Temp: 77° F, Humidity: 37%, Wind: SW 5 mph"
2022_05_MIA_NYJ,Dry,"Sunny and windy Temp: 63° F, Humidity: 37%, Wind: W 12 mph"
2022_05_NYG_GB,Dry,"Sunny Temp: 64° F, Humidity: 48%, Wind: S 10 mph"
2022_05_PIT_BUF,Dry,"Mostly cloudy Temp: 55° F, Humidity: 62%, Wind: WSW 16 mph"
2022_05_SF_CAR,Dry,"Sunny Temp: 68° F, Humidity: 53%, Wind: S 3 mph"
2022_05_TEN_WAS,Dry,"Sunny Temp: 61° F, Humidity: 36%, Wind: W 9 mph"
2022_06_ARI_SEA,Dry,"Sunny Temp: 72° F, Humidity: 44%, Wind: SE 5 mph"
2022_06_BAL_NYG,Dry,"Fair Temp: 60° F, Humidity: 53%, Wind: E 3 mph"
2022_06_BUF_KC,Dry,"Temp: 62° F, Humidity: 35%, Wind: NW 15 mph"
2022_06_DAL_PHI,Dry,"Clear Temp: 63° F, Humidity: 43%, Wind: WNW 3 mph"
2022_06_JAX_IND,Dry,"Sunny Temp: 62° F, Humidity: 46%, Wind: WSW 5 mph"
2022_06_MIN_MIA,Dry,"Partly Cloudy Temp: 86° F, Humidity: 55%, Wind: ENE 14 mph"
2022_06_NE_CLE,Dry,"Sunny Temp: 62° F, Humidity: 41%, Wind: N 11 mph"
2022_06_NYJ_GB,Dry,"Cloudy Temp: 49° F, Humidity: 64%, Wind: W 12 mph"
2022_06_SF_ATL,Dry,"Sunny Temp: 77° F, Humidity: 57%, Wind: NE 4 mph"
2022_06_TB_PIT,Dry,"Cloudy Temp: 62° F, Humidity: 46%, Wind: S 7 mph"
2022_06_WAS_CHI,Dry,"Cloudy Temp: 46° F, Humidity: 55%, Wind: E 14 mph"
2022_07_ATL_CIN,Dry,"Sunny Temp: 73° F, Humidity: 43%, Wind: S 7 mph"
2022_07_CHI_NE,Dry,"Foggy Temp: 56° F, Humidity: 100%, Wind: SW 4 mph"
2022_07_CLE_BAL,Dry,"Cloudy Temp: 64° F, Humidity: 59%, Wind: NNE 6 mph"
2022_07_GB_WAS,Dry,"Cloudy Temp: 62° F, Humidity: 66%, Wind: N 7 mph"
2022_07_IND_TEN,Dry,"Sunny Temp: 74° F, Humidity: 43%, Wind: S 12 mph"
2022_07_KC_SF,Dry,"Clear, sunny Temp: 64° F, Humidity: 34%, Wind: NW 10 mph"
2022_07_NO_ARI,Dry,"Sunny Temp: 89° F, Humidity: 19%, Wind: NNW 3 mph"
2022_07_NYG_JAX,Dry,"Temp: 71° F, Humidity: 71%, Wind: SE 6 mph"
2022_07_NYJ_DEN,Dry,"Temp: 64° F, Humidity: 18%, Wind: S 15 mph"
2022_07_PIT_MIA,Dry,"Partly Cloudy Temp: 78° F, Humidity: 63%, Wind: ENE 10 mph"
2022_07_TB_CAR,Dry,"Sunny Temp: 67° F, Humidity: 51%, Wind: N 5 mph"
2022_08_BAL_TB,Dry,"Cloudy Temp: 79° F, Humidity: 74%, Wind: W 4 mph"
2022_08_CHI_DAL,Maybe,"T: 66; h: 60%; W: NW 7mph Temp: 66° F, Humidity: 60%, Wind: Northwest 7 mph"
2022_08_CIN_CLE,Dry,"Cloudy Temp: 66° F, Humidity: 69%, Wind: S 9 mph"
2022_08_DEN_JAX,Dry,"Mostly Cloudy Temp: 61° F, Humidity: 77%, Wind: SSW 11 mph"
2022_08_GB_BUF,Dry,"Partly cloudy Temp: 50° F, Humidity: 57%, Wind: SSE 4 mph"
2022_08_NE_NYJ,Dry,"Mostly Sunny Temp: 59° F, Humidity: 45%, Wind: East 1 mph"
2022_08_NYG_SEA,Rain,"Rain Temp: 54° F, Humidity: 72%, Wind: N 12 mph"
2022_08_PIT_PHI,Dry,"Sunny Temp: 61° F, Humidity: 47%, Wind: N 2 mph"
2022_09_BUF_NYJ,Dry,"Warm and Overcast Temp: 76° F, Humidity: 66%, Wind: SSW 11 mph"
2022_09_CAR_CIN,Dry,"Sunny Temp: 70° F, Humidity: 44%, Wind: SSW 9 mph"
2022_09_IND_NE,Dry,"Mostly Cloudy Temp: 75° F, Humidity: 62%, Wind: NE 15 mph"
2022_09_LAC_ATL,Dry,"Cloudy Temp: 80° F, Humidity: 78%, Wind: NW 5 mph"
2022_09_LA_TB,Dry,"Cloudy Temp: 88° F, Humidity: 52%, Wind: E 7 mph"
2022_09_LV_JAX,Dry,"Temp: 81° F, Humidity: 76%, Wind: ESE 12 mph"
2022_09_MIA_CHI,Dry,"Sunny Temp: 62° F, Humidity: 57%, Wind: SW 15 mph"
2022_09_MIN_WAS,Dry,"Cloudy Temp: 76° F, Humidity: 66%, Wind: S 9 mph"
2022_09_SEA_ARI,Dry,"Sunny Temp: 76° F, Humidity: 24%, Wind: SE 4 mph"
2022_09_TEN_KC,Dry,"Temp: 58° F, Humidity: 40%, Wind: NNW 14 mph"
2022_10_ATL_CAR,Light rain,"Light Rain Temp: 60° F, Humidity: 94%, Wind: ENE 11 mph"
2022_10_CLE_MIA,Dry,"Mostly Sunny Temp: 85° F, Humidity: 51%, Wind: N 6 mph"
2022_10_DAL_GB,Dry,"Cloudy Temp: 33° F, Humidity: 53%, Wind: NW 8 mph"
2022_10_DEN_TEN,Dry,"Cloudy Temp: 35° F, Humidity: 55%, Wind: NNE 7 mph"
2022_10_DET_CHI,Dry,"Scattered Clouds Temp: 34° F, Humidity: 45%, Wind: NW 11 mph"
2022_10_HOU_NYG,Dry,"Partly Sunny Temp: 50° F, Humidity: 59%, Wind: NW 15 mph"
2022_10_JAX_KC,Dry,"Temp: 33° F, Humidity: 56%, Wind: SE 9 mph"
2022_10_LAC_SF,Dry,"Clear Temp: 58° F, Humidity: 60%, Wind: NW 7 mph"
2022_10_MIN_BUF,Dry,"Cloudy Temp: 38° F, Humidity: 83%, Wind: NW 8 mph"
2022_10_NO_PIT,Dry,"Cloudy Temp: 41° F, Humidity: 62%, Wind: W 14 mph"
2022_10_SEA_TB,Dry,"Sunny Temp: 48° F, Humidity: 71%, Wind: E 5 mph"
2022_10_WAS_PHI,Dry,"Clear Temp: 40° F, Humidity: 51%, Wind: NNW 3 mph"
2022_11_CAR_BAL,Dry,"Sunny Temp: 36° F, Humidity: 28%, Wind: WNW 18 mph"
2022_11_CIN_PIT,Dry,"Mostly Sunny Temp: 32° F, Humidity: 38%, Wind: W 14 mph"
2022_11_DET_NYG,Dry,"Fair and Breezy Temp: 35° F, Humidity: 31%, Wind: NW 21 mph"
2022_11_LV_DEN,Dry,"Upper 40s to mid 30s by end of game Temp: 46° F, Humidity: 27%, Wind: W 8 mph"
2022_11_NYJ_NE,Dry,"Mostly sunny Temp: 37° F, Humidity: 22%, Wind: East 17 mph"
2022_11_SF_ARI,Rain,"Rain Temp: 60° F, Humidity: 63%, Wind: W 3 mph"
2022_11_TEN_GB,Dry,"Cloudy Temp: 26° F, Humidity: 78%, Wind: W 10 mph"
2022_12_ATL_WAS,Rain,"Rain Temp: 49° F, Humidity: 93%, Wind: S 6 mph"
2022_12_BAL_JAX,Dry,"Temp: 74° F, Humidity: 91%, Wind: SW 14 mph"
2022_12_CHI_NYJ,Rain,"Rain and low 50s Temp: 52° F, Humidity: 67%, Wind: SSW 7 mph"
2022_12_CIN_TEN,Dry,"Cloudy Temp: 55° F, Humidity: 63%, Wind: SW 20 mph"
2022_12_DEN_CAR,Dry,"Cloudy Temp: 65° F, Humidity: 89%, Wind: SSW 11 mph"
2022_12_GB_PHI,Dry,"Cloudy Temp: 61° F, Humidity: 91%, Wind: WSW 14 mph"
2022_12_HOU_MIA,Dry,"Partly Cloudy Temp: 87° F, Humidity: 62%, Wind: SW 9 mph"
2022_12_LA_KC,Dry,"Temp: 44° F, Humidity: 65%, Wind: Northwest 10 mph"
2022_12_LV_SEA,Dry,"Partly Cloudy Temp: 45° F, Humidity: 75%, Wind: N 7 mph"
2022_12_NO_SF,Dry,"Partly cloudy Temp: 67° F, Humidity: 31%, Wind: N 3 mph"
2022_12_TB_CLE,Rain,"Rain Temp: 56° F, Humidity: 83%, Wind: S 17 mph"
2022_13_BUF_NE,Dry,"Clear Temp: 35° F, Humidity: 52%, Wind: SE 5 mph"
2022_13_DEN_BAL,Dry,"Clear Temp: 43° F, Humidity: 46%, Wind: NW 3 mph"
2022_13_GB_CHI,Dry,"Sunny Temp: 34° F, Humidity: 48%, Wind: NE 14 mph"
2022_13_KC_CIN,Dry,"Sunny Temp: 41° F, Humidity: 35%, Wind: WNW 6 mph"
2022_13_MIA_SF,Dry,"Cloudy Temp: 58° F, Humidity: 70%, Wind: SE 5 mph"
2022_13_NO_TB,Dry,"Cloudy Temp: 72° F, Humidity: 69%, Wind: N 3 mph"
2022_13_TEN_PHI,Dry,"Mostly Sunny Temp: 45° F, Humidity: 37%, Wind: NW 7 mph"
2022_13_WAS_NYG,Dry,"Fair Temp: 44° F, Humidity: 40%, Wind: NW 7 mph"
2022_14_BAL_PIT,Dry,"Cloudy Temp: 43° F, Humidity: 88%, Wind: NW 6 mph"
2022_14_CAR_SEA,Dry,"Cloudy Temp: 45° F, Humidity: 89%, Wind: S 4 mph"
2022_14_CLE_CIN,Dry,"Mostly cloudy Temp: 48° F, Humidity: 59%, Wind: WNW 6 mph"
2022_14_JAX_TEN,Dry,"Cloudy Temp: 50° F, Humidity: 87%, Wind: NNE 5 mph"
2022_14_KC_DEN,Dry,"Sunny Temp: 62° F, Humidity: 8%, Wind: S 15 mph"
2022_14_NYJ_BUF,Rain,"Rain showers Temp: 37° F, Humidity: 87%, Wind: WSW 10 mph"
2022_14_PHI_NYG,Dry,"Overcast Temp: 37° F, Humidity: 79%, Wind: N 6 mph"
2022_14_TB_SF,Dry,"Cloudy Temp: 54° F, Humidity: 66%, Wind: SSE 11 mph"
2022_15_ARI_DEN,Dry,"Partly Cloudy Temp: 39° F, Humidity: 20%, Wind: W 6 mph"
2022_15_BAL_CLE,Dry,"Cloudy Temp: 32° F, Humidity: 66%, Wind: NE 12 mph"
2022_15_CIN_TB,Dry,"Clear Temp: 67° F, Humidity: 40%, Wind: N 9 mph"
2022_15_DAL_JAX,Dry,"Temp: 51° F, Humidity: 47%, Wind: N 4 mph"
2022_15_DET_NYJ,Dry,"Mostly sunny and Cold Temp: 39° F, Humidity: 59%, Wind: WNW 10 mph"
2022_15_LA_GB,Dry,"Cloudy Temp: 15° F, Humidity: 77%, Wind: SE 5 mph"
2022_15_MIA_BUF,Dry,"Cloudy Temp: 30° F, Humidity: 82%, Wind: WSW 9 mph"
2022_15_NYG_WAS,Dry,"Cloudy Temp: 34° F, Humidity: 50%, Wind: WNW 10 mph"
2022_15_PHI_CHI,Dry,"Sunny Temp: 18° F, Humidity: 71%, Wind: S 16 mph"
2022_15_PIT_CAR,Dry,"Sunny Temp: 46° F, Humidity: 38%, Wind: NW 3 mph"
2022_15_SF_SEA,Dry,"Clear Temp: 39° F, Humidity: 71%, Wind: N 6 mph"
2022_16_ATL_BAL,Dry,"Clear, Cold Temp: 17° F, Humidity: 39%, Wind: W 16 mph"
2022_16_BUF_CHI,Dry,"Mostly Sunny Temp: 9° F, Humidity: 64%, Wind: W 26 mph"
2022_16_CIN_NE,Dry,"Sunny and Cold Temp: 17° F, Humidity: 40%, Wind: NE 12 mph"
2022_16_DET_CAR,Dry,"Sunny Temp: 20° F, Humidity: 44%, Wind: SW 10 mph"
2022_16_GB_MIA,Dry,"Temp: 46° F, Humidity: 63%, Wind: NW 12 mph"
2022_16_HOU_TEN,Dry,"Clear and Cold Temp: 20° F, Humidity: 56%, Wind: W 10 mph"
2022_16_JAX_NYJ,Light rain,"Light rain, cold, windy, and miserable Temp: 45° F, Humidity: 91%, Wind: E 14 mph"
2022_16_LV_PIT,Dry,"Cold Temp: 8° F, Humidity: Wind: WSW 16 mph"
2022_16_NO_CLE,Dry,"Frigid Temp: 6° F, Humidity: 64%, Wind: SW 26 mph"
2022_16_SEA_KC,Dry,"Temp: 12° F, Humidity: 55%, Wind: NW 15 mph"
2022_16_TB_ARI,Dry,"Clear Temp: 69° F, Humidity: 27%, Wind: WSW 2 mph"
2022_16_WAS_SF,Dry,"Hazey Temp: 62° F, Humidity: 59%, Wind: NNE 1 mph"
2022_17_CAR_TB,Dry,"Cloudy Temp: 73° F, Humidity: 91%, Wind: SSW 5 mph"
2022_17_CLE_WAS,Dry,"Sunny Temp: 62° F, Humidity: 49%, Wind: W 7 mph"
2022_17_DAL_TEN,Rain,"Rain Temp: 59° F, Humidity: 70%, Wind: SSE 10 mph"
2022_17_DEN_KC,Dry,"Temp: 53° F, Humidity: 71%, Wind: E 8 mph"
2022_17_IND_NYG,Dry,"Fair Temp: 53° F, Humidity: 55%, Wind: W 12 mph"
2022_17_MIA_NE,Dry,"Partly Cloudy Temp: 51° F, Humidity: 56%, Wind: SE 12 mph"
2022_17_MIN_GB,Dry,"Clear Temp: 40° F, Humidity: 70%, Wind: W 9 mph"
2022_17_NO_PHI,Dry,"Sunny Temp: 55° F, Humidity: 57%, Wind: WNW 10 mph"
2022_17_NYJ_SEA,Dry,"Partly Sunny Temp: 46° F, Humidity: 84%, Wind: SW 2 mph"
2022_17_PIT_BAL,Dry,"Clear Temp: 50° F, Humidity: 68%, Wind: WSW 0 mph"
2022_18_ARI_SF,Dry,"Cloudy Temp: 60° F, Humidity: 71%, Wind: S 10 mph"
2022_18_BAL_CIN,Dry,"Cloudy Temp: 40° F, Humidity: 68%, Wind: ENE 5 mph"
2022_18_CLE_PIT,Dry,"Partly Cloudy Temp: 39° F, Humidity: 66%, Wind: E 4 mph"
2022_18_DAL_WAS,Dry,"Cloudy Temp: 42° F, Humidity: 51%, Wind: S 6 mph"
2022_18_DET_GB,Dry,"Cloudy Temp: 21° F, Humidity: 84%, Wind: SW 7 mph"
2022_18_LAC_DEN,Dry,"Partly Cloudy Temp: 51° F, Humidity: 28%, Wind: SW 7 mph"
2022_18_LA_SEA,Rain,"Rain Temp: 47° F, Humidity: 88%, Wind: SE 7 mph"
2022_18_MIN_CHI,Dry,"Mostly Cloudy Temp: 34° F, Humidity: 64%, Wind: N 3 mph"
2022_18_NE_BUF,Dry,"Cloudy Temp: 31° F, Humidity: 76%, Wind: SW 4 mph"
2022_18_NYG_PHI,Dry,"Partly Cloudy Temp: 42° F, Humidity: 49%, Wind: SW 5 mph"
2022_18_NYJ_MIA,Dry,"Temp: 78° F, Humidity: 54%, Wind: ENE 11 mph"
2022_18_TEN_JAX,Dry,"Temp: 59° F, Humidity: 54%, Wind: SE 4 mph"
2022_19_BAL_CIN,Dry,"Mostly clear Temp: 35° F, Humidity: 59%, Wind: E 5 mph"
2022_19_DAL_TB,Dry,"Clear Temp: 56° F, Humidity: 58%, Wind: N 1 mph"
2022_19_LAC_JAX,Dry,"Temp: 45° F, Humidity: 52%, Wind: WNW 6 mph"
2022_19_MIA_BUF,Dry,"Sunny Temp: 28° F, Humidity: 72%, Wind: SSE 2 mph"
2022_19_SEA_SF,Rain,"Rain Temp: 57° F, Humidity: 77%, Wind: SSW 5 mph"
2022_20_CIN_BUF,Snow,"Snow Temp: 34° F, Humidity: 81%, Wind: ESE 4 mph"
2022_20_DAL_SF,Dry,"Clear Temp: 59° F, Humidity: 33%, Wind: NNW 15 mph"
2022_20_JAX_KC,Dry,"Temp: 37° F, Humidity: 92%, Wind: SSW 6 mph"
2022_20_NYG_PHI,Dry,"Cloudy Temp: 38° F, Humidity: 61%, Wind: NW 5 mph"
2022_21_CIN_KC,Dry,"Temp: 22° F, Humidity: 55%, Wind: N 13 mph"
2022_21_SF_PHI,Rain,"Rain Temp: 51° F, Humidity: 47%, Wind: SW 13 mph"
2023_01_ARI_WAS,Dry,"Cloudy Temp: 76° F, Humidity: 84%, Wind: S 2 mph"
2023_01_BUF_NYJ,Rain,"Rain Temp: 72° F, Humidity: 88%, Wind: N 3 mph"
2023_01_CIN_CLE,Dry,"Cloudy Temp: 68° F, Humidity: 83%, Wind: NW 8 mph"
2023_01_DAL_NYG,Rain,"Rain Temp: 74° F, Humidity: 82%, Wind: N 3 mph"
2023_01_DET_KC,Dry,"Temp: 83° F, Humidity: 36%, Wind: E 6 mph"
2023_01_GB_CHI,Dry,"Mostly Sunny Temp: 75° F, Humidity: 53%, Wind: W 7 mph"
2023_01_HOU_BAL,Dry,"Overcast Temp: 78° F, Humidity: 76%, Wind: SE 2 mph"
2023_01_LA_SEA,Dry,"Mostly Cloudy Temp: 72° F, Humidity: 58%, Wind: S 7 mph"
2023_01_LV_DEN,Dry,"Cloudy Temp: 64° F, Humidity: 65%, Wind: W 12 mph"
2023_01_PHI_NE,Rain,"Rain Temp: 71° F, Humidity: 96%, Wind: SE 5 mph"
2023_01_SF_PIT,Dry,"Cloudy Temp: 72° F, Humidity: 83%, Wind: N 3 mph"
2023_02_BAL_CIN,Dry,"Cloudy Temp: 72° F, Humidity: 54%, Wind: NNW 4 mph"
2023_02_CHI_TB,Dry,"Cloudy Temp: 89° F, Humidity: 68%, Wind: W 6 mph"
2023_02_CLE_PIT,Dry,"Clear Temp: 62° F, Humidity: 66%, Wind: NW 6 mph"
2023_02_GB_ATL,Dry,"Indoors Temp: 72° F, Humidity: 25%, Wind: N/A 0 mph"
2023_02_IND_HOU,Dry,"Indoors Temp: 85° F, Humidity: 47%, Wind: N 6 mph"
2023_02_KC_JAX,Dry,"Temp: 87° F, Humidity: 68%, Wind: SW 5 mph"
2023_02_LAC_TEN,Dry,"Cloudy Temp: 64° F, Humidity: 85%, Wind: NW 11 mph"
2023_02_LV_BUF,Dry,"Partly Cloudy Temp: 70° F, Humidity: 57%, Wind: S 4 mph"
2023_02_MIA_NE,Dry,"Clear Temp: 63° F, Humidity: 77%, Wind: NE 3 mph"
2023_02_MIN_PHI,Dry,"Clear Temp: 72° F, Humidity: 43%, Wind: N 8 mph"
2023_02_NO_CAR,Dry,"Partly Cloudy Temp: 81° F, Humidity: 43%, Wind: NW 2 mph"
2023_02_NYJ_DAL,Dry,
2023_02_WAS_DEN,Dry,"Sunny Temp: 81° F, Humidity: 24%, Wind: E 5 mph"
2023_03_BUF_WAS,Rain,"Rain Temp: 65° F, Humidity: 96%, Wind: SSE 1 mph"
2023_03_CAR_SEA,Dry,"Cloudy Temp: 61° F, Humidity: 76%, Wind: NE 2 mph"
2023_03_CHI_KC,Dry,"Temp: 82° F, Humidity: 37%, Wind: WNW 9 mph"
2023_03_DAL_ARI,Dry,N/A Indoors Temp: Humidity: Wind: mph
2023_03_DEN_MIA,Dry,"Partly Cloudy Temp: 86° F, Humidity: 65%, Wind: SSW 5 mph"
2023_03_HOU_JAX,Dry,"Temp: 84° F, Humidity: 51%, Wind: WSW 6 mph"
2023_03_IND_BAL,Rain,"Steady rain Temp: 68° F, Humidity: 88%, Wind: SE 3 mph"
2023_03_LA_CIN,Dry,"Mostly clear Temp: 71° F, Humidity: 70%, Wind: ENE 5 mph"
2023_03_NE_NYJ,Maybe,"Threat of rain, wind from Tropical Storm Ophelia Temp: 65° F, Humidity: 90%, Wind: NNE 14 mph"
2023_03_NO_GB,Dry,"Cloudy Temp: 68° F, Humidity: 62%, Wind: E 10 mph"
2023_03_NYG_SF,Dry,"Sunny Temp: 77° F, Humidity: 41%, Wind: NW 13 mph"
2023_03_PHI_TB,Dry,"Cloudy Temp: 90° F, Humidity: 60%, Wind: SSW 4 mph"
2023_03_TEN_CLE,Dry,"Sun/Clouds Temp: 68° F, Humidity: 69%, Wind: NE 5 mph"
2023_04_ARI_SF,Dry,"Sunny Temp: 75° F, Humidity: 36%, Wind: N 9 mph"
2023_04_ATL_JAX,Dry,"Cloudy Temp: 72° F, Humidity: 75%, Wind: SW 8 mph"
2023_04_BAL_CLE,Dry,"Sunny Temp: 71° F, Humidity: 79%, Wind: E 1 mph"
2023_04_CIN_TEN,Dry,"Sunny Temp: 82° F, Humidity: 50%, Wind: ENE 4 mph"
2023_04_DEN_CHI,Dry,"Sunny Temp: 80° F, Humidity: 64%, Wind: SSE 2 mph"
2023_04_DET_GB,Dry,"Cloudy Temp: 64° F, Humidity: 75%, Wind: SE 8 mph"
2023_04_KC_NYJ,Dry,"Clear Temp: 69° F, Humidity: 71%, Wind: N 5 mph"
2023_04_LA_IND,Dry,"Clear Temp: 80° F, Humidity: 57%, Wind: SE 2 mph"
2023_04_MIA_BUF,Dry,"Sunny, fair Temp: 70° F, Humidity: 71%, Wind: WNW 5 mph"
2023_04_MIN_CAR,Dry,"Sunny Temp: 80° F, Humidity: 50%, Wind: SSW 7 mph"
2023_04_PIT_HOU,Dry,"Mostly Sunny Temp: 90° F, Humidity: 47%, Wind: W 12 mph"
2023_04_SEA_NYG,Dry,"Fair Temp: 67° F, Humidity: 79%, Wind: SW 8 mph"
2023_04_WAS_PHI,Dry,"Temp: 76° F, Humidity: 54%, Wind: NNE 10 mph"
2023_05_BAL_PIT,Dry,"Partly Cloudy Temp: 53° F, Humidity: 62%, Wind: W 13 mph"
2023_05_CHI_WAS,Dry,"Cloudy Temp: 70° F, Humidity: 83%, Wind: NW 1 mph"
2023_05_DAL_SF,Dry,"Sunny Temp: 78° F, Humidity: 53%, Wind: SE 10 mph"
2023_05_HOU_ATL,Dry,"Sunny Temp: 63° F, Humidity: 39%, Wind: SE 8 mph"
2023_05_JAX_BUF,Dry,"Partly Cloudy Temp: 75° F, Humidity: 52%, Wind: WSW 7 mph"
2023_05_NO_NE,Dry,"Sunny Temp: 61° F, Humidity: 52%, Wind: NE 10 mph"
2023_05_NYG_MIA,Dry,"Partly Cloudy Temp: 88° F, Humidity: 60%, Wind: W 8 mph"
2023_05_NYJ_DEN,Dry,"Sunny Temp: 73° F, Humidity: 17%, Wind: S 9 mph"
2023_05_TEN_IND,Dry,"Cloudy Temp: 53° F, Humidity: 56%, Wind: WNW 7 mph"
2023_06_BAL_TEN,Dry,"Sunny Temp: 52° F, Humidity: 44%, Wind: NNW 8 mph"
2023_06_CAR_MIA,Dry,"Sunny Temp: 87° F, Humidity: 56%, Wind: W 12 mph"
2023_06_DEN_KC,Dry,"Temp: 62° F, Humidity: 67%, Wind: S 15 mph"
2023_06_DET_TB,Dry,"Cloudy Temp: 77° F, Humidity: 55%, Wind: W 13 mph"
2023_06_IND_JAX,Dry,"Temp: 68° F, Humidity: 57%, Wind: NW 10 mph"
2023_06_MIN_CHI,Dry,"Partly Cloudy Temp: 53° F, Humidity: 74%, Wind: S 16 mph"
2023_06_NYG_BUF,Dry,"Cloudy Temp: 46° F, Humidity: 90%, Wind: NW 7 mph"
2023_06_PHI_NYJ,Dry,"Partly Cloudy with a Fall Crisp Temp: 59° F, Humidity: 54%, Wind: NNW 11 mph"
2023_06_SEA_CIN,Dry,"Cloudy Temp: 57° F, Humidity: 59%, Wind: N 15 mph"
2023_06_SF_CLE,Dry,"Temp: 53° F, Humidity: 70%, Wind: NNW 15 mph"
2023_07_ARI_SEA,Dry,"Cloudy Temp: 56° F, Humidity: 83%, Wind: NW 5 mph"
2023_07_ATL_TB,Dry,"Cloudy Temp: 79° F, Humidity: 47%, Wind: NE 3 mph"
2023_07_BUF_NE,Dry,"Partly Cloudy Temp: 55° F, Humidity: 65%, Wind: E 13 mph"
2023_07_CLE_IND,Dry,"Sunny Temp: 53° F, Humidity: 48%, Wind: NNE 6 mph"
2023_07_DET_BAL,Dry,"Partly cloudy Temp: 62° F, Humidity: 42%, Wind: WNW 16 mph"
2023_07_GB_DEN,Dry,"Temperatures to remain in 70s throughout the game Temp: 72° F, Humidity: 22%, Wind: W 9 mph"
2023_07_LAC_KC,Dry,"Temp: 72° F, Humidity: 35%, Wind: ESE 10 mph"
2023_07_LV_CHI,Dry,"Partly Cloudy Temp: 52° F, Humidity: 68%, Wind: N 8 mph"
2023_07_MIA_PHI,Dry,"Partly Cloudy Temp: 55° F, Humidity: 44%, Wind: NW 17 mph"
2023_07_WAS_NYG,Dry,"Mostly Cloudy Temp: 54° F, Humidity: 51%, Wind: NW 14 mph"
2023_08_ATL_TEN,Dry,"Cloudy Temp: 77° F, Humidity: 52%, Wind: WSW 7 mph"
2023_08_CIN_SF,Dry,"Sunny Temp: 74° F, Humidity: 15%, Wind: NW 10 mph"
2023_08_CLE_SEA,Dry,"Sunny Temp: 47° F, Humidity: 60%, Wind: N 3 mph"
2023_08_HOU_CAR,Dry,"Clear Temp: 76° F, Humidity: 53%, Wind: SW 11 mph"
2023_08_JAX_PIT,Rain,"Rain Temp: 58° F, Humidity: 95%, Wind: NE 2 mph"
2023_08_KC_DEN,Snow,"Cold, getting colder, a few light flakes of snow falling Temp: 26° F, Humidity: 58%, Wind: NW 3 mph"
2023_08_MIN_GB,Dry,"Cloudy Temp: 39° F, Humidity: 62%, Wind: N 8 mph"
2023_08_NE_MIA,Dry,"Partly Cloudy Temp: 83° F, Humidity: 68%, Wind: ENE 17 mph"
2023_08_NYJ_NYG,Rain,"Rain Temp: 51° F, Humidity: 92%, Wind: N 7 mph"
2023_08_PHI_WAS,Dry,"Cloudy Temp: 69° F, Humidity: 77%, Wind: NNE 4 mph"
2023_08_TB_BUF,Dry,"Partly cloudy Temp: 66° F, Humidity: 60%, Wind: SSW 10 mph"
2023_09_ARI_CLE,Dry,"Sunny Temp: 56° F, Humidity: 58%, Wind: N 7 mph"
2023_09_BUF_CIN,Dry,"Mostly clear Temp: 51° F, Humidity: 61%, Wind: ENE 5 mph"
2023_09_DAL_PHI,Dry,"Clear Temp: 64° F, Humidity: 41%, Wind: NNW 6 mph"
2023_09_IND_CAR,Dry,"Clear Temp: 75° F, Humidity: 31%, Wind: E 2 mph"
2023_09_LAC_NYJ,Dry,"Mosly Cloudy and Cool Temp: 48° F, Humidity: 83%, Wind: SSE 4 mph"
2023_09_LA_GB,Dry,"Cloudy Temp: 51° F, Humidity: 54%, Wind: S 8 mph"
2023_09_MIA_KC,Light rain,"Light Rain Temp: 53° F, Humidity: 81%, Wind: SW 14 mph"
2023_09_MIN_ATL,Dry,"Clear Temp: 70° F, Humidity: 38%, Wind: 0 mph"
2023_09_SEA_BAL,Dry,"Clear Temp: 69° F, Humidity: 32%, Wind: WNW 6 mph"
2023_09_TEN_PIT,Dry,"Mostly clear Temp: 40° F, Humidity: 58%, Wind: S 5 mph"
2023_09_WAS_NE,Dry,"Mostly Sunny Temp: 62° F, Humidity: 51%, Wind: SE 6 mph"
2023_10_CAR_CHI,Dry,"Clear Temp: 51° F, Humidity: 40%, Wind: NE 8 mph"
2023_10_CLE_BAL,Dry,"Clear Temp: 49° F, Humidity: 46%, Wind: N 4 mph"
2023_10_DEN_BUF,Dry,"Mostly cloudy Temp: 49° F, Humidity: 61%, Wind: W 10 mph"
2023_10_GB_PIT,Dry,"Partly Cloudy Temp: 50° F, Humidity: 58%, Wind: NE 5 mph"
2023_10_HOU_CIN,Dry,"Sunny Temp: 56° F, Humidity: 42%, Wind: ENE 6 mph"
2023_10_IND_NE,Dry,"Cloudy Temp: 47° F, Humidity: 78%, Wind: E 1 mph"
2023_10_SF_JAX,Dry,"Temp: 59° F, Humidity: 94%, Wind: N 11 mph"
2023_10_TEN_TB,Dry,"Cloudy Temp: 85° F, Humidity: 66%, Wind: W 6 mph"
2023_10_WAS_SEA,Dry,"Cloudy Temp: 52° F, Humidity: 76%, Wind: S 4 mph"
2023_11_CIN_BAL,Dry,"Clear Temp: 56° F, Humidity: 54%, Wind: NNW 1 mph"
2023_11_DAL_CAR,Dry,"Sunny Temp: 65° F, Humidity: 28%, Wind: E 2 mph"
2023_11_LAC_GB,Dry,"Sunny Temp: 45° F, Humidity: 55%, Wind: E 5 mph"
2023_11_LV_MIA,Dry,"Partly Cloudy Temp: 82° F, Humidity: 71%, Wind: NNE 7 mph"
2023_11_MIN_DEN,Dry,"Cloudy Temp: 53° F, Humidity: 30%, Wind: SW 3 mph"
2023_11_NYG_WAS,Dry,"Sunny Temp: 56° F, Humidity: 32%, Wind: W 7 mph"
2023_11_NYJ_BUF,Dry,"Clear Temp: 40° F, Humidity: 60%, Wind: NW 9 mph"
2023_11_PHI_KC,Dry,"Temp: 45° F, Humidity: 90%, Wind: N 12 mph"
2023_11_PIT_CLE,Dry,"Sunny Temp: 48° F, Humidity: 67%, Wind: W 11 mph"
2023_11_TB_SF,Dry,"Sunny, Clear Temp: 65° F, Humidity: 52%, Wind: NW 10 mph"
2023_11_TEN_JAX,Dry,"Temp: 75° F, Humidity: 62%, Wind: NE 3 mph"
2023_12_BUF_PHI,Rain,"Rain Temp: 47° F, Humidity: 88%, Wind: NE 6 mph"
2023_12_CAR_TEN,Dry,"Cloudy Temp: 51° F, Humidity: 82%, Wind: SW 13 mph"
2023_12_CLE_DEN,Dry,"Sunny Temp: 40° F, Humidity: 28%, Wind: NW 5 mph"
2023_12_MIA_NYJ,Dry,"Partly Sunny and Cool Temp: 48° F, Humidity: 45%, Wind: NW 11 mph"
2023_12_NE_NYG,Dry,"Mostly Cloudy Temp: 43° F, Humidity: 65%, Wind: N 6 mph"
2023_12_PIT_CIN,Rain,"Rain Temp: 48° F, Humidity: 78%, Wind: SSW 9 mph"
2023_12_SF_SEA,Dry,"Mostly Clear Temp: 43° F, Humidity: 91%, Wind: NW 4 mph"
2023_13_ARI_PIT,Dry,"Mostly Cloudy Temp: 56° F, Humidity: 88%, Wind: SW 12 mph"
2023_13_ATL_NYJ,Dry,"Cloudy Temp: 50° F, Humidity: 90%, Wind: NE 8 mph"
2023_13_CAR_TB,Dry,"Cloudy Temp: 81° F, Humidity: 77%, Wind: SW 8 mph"
2023_13_CIN_JAX,Dry,"Temp: 61° F, Humidity: 60%, Wind: E 4 mph"
2023_13_IND_TEN,Dry,"Partly Sunny Temp: 53° F, Humidity: 77%, Wind: W 13 mph"
2023_13_KC_GB,Dry,"Cloudy Temp: 31° F, Humidity: 85%, Wind: N 9 mph"
2023_13_LAC_NE,Rain,"Rain Temp: 44° F, Humidity: 94%, Wind: W 8 mph"
2023_13_MIA_WAS,Dry,"Cloudy Temp: 53° F, Humidity: 99%, Wind: N 1 mph"
2023_13_SF_PHI,Dry,"Cloudy Temp: 52° F, Humidity: 95%, Wind: N 44 mph"
2023_14_BUF_KC,Dry,"Temp: 45° F, Humidity: 43%, Wind: W 5 mph"
2023_14_DET_CHI,Dry,"Cloudy Temp: 36° F, Humidity: 70%, Wind: SE 12 mph"
2023_14_GB_NYG,Dry,"Overcast Temp: 39° F, Humidity: 50%, Wind: NW 14 mph"
2023_14_HOU_NYJ,Maybe,"Raining, Mild with Gusty Winds Expected Temp: 58° F, Humidity: 94%, Wind: S 7 mph"
2023_14_IND_CIN,Dry,"Cloudy Temp: 40° F, Humidity: 68%, Wind: WNW 9 mph"
2023_14_JAX_CLE,Dry,"Cloudy Temp: 39° F, Humidity: 70%, Wind: W 11 mph"
2023_14_LA_BAL,Rain,"Rain Temp: 57° F, Humidity: 91%, Wind: ESE 5 mph"
2023_14_NE_PIT,Dry,"Partly Cloudy Temp: 42° F, Humidity: 71%, Wind: SW 5 mph"
2023_14_SEA_SF,Dry,"Sunny Temp: 63° F, Humidity: 42%, Wind: NW 5 mph"
2023_14_TEN_MIA,Dry,"Partly Cloudy Temp: 64° F, Humidity: 73%, Wind: N 9 mph"
2023_15_ATL_CAR,Rain,"Rain Temp: 46° F, Humidity: 93%, Wind: NE 4 mph"
2023_15_BAL_JAX,Dry,"Temp: 58° F, Humidity: 81%, Wind: W 13 mph"
2023_15_CHI_CLE,Dry,"Temp: 45° F, Humidity: 84%, Wind: SE 15 mph"
2023_15_DAL_BUF,Rain,"Rain showers Temp: 48° F, Humidity: 90%, Wind: S 9 mph"
2023_15_HOU_TEN,Dry,"Cloudy Temp: 48° F, Humidity: 77%, Wind: NW 9 mph"
2023_15_KC_NE,Dry,"Cloudy and cool Temp: 53° F, Humidity: 74%, Wind: NW 7 mph"
2023_15_MIN_CIN,Dry,"Mostly cloudy Temp: 53° F, Humidity: 42%, Wind: SE 5 mph"
2023_15_NYJ_MIA,Dry,"Partly Cloudy Temp: 76° F, Humidity: 69%, Wind: WNW 15 mph"
2023_15_PHI_SEA,Light rain,"Drizzle Temp: 46° F, Humidity: 82%, Wind: South 2 mph"
2023_15_SF_ARI,Dry,"Sunny Temp: 76° F, Humidity: 13%, Wind: NE 3 mph"
2023_15_TB_GB,Dry,"Cloudy Temp: 42° F, Humidity: 85%, Wind: W 10 mph"
2023_16_ARI_CHI,Dry,"Mostly Cloudy Temp: 52° F, Humidity: 78%, Wind: SE 4 mph"
2023_16_BAL_SF,Dry,"Cloudy Temp: 56° F, Humidity: 60%, Wind: NW 8 mph"
2023_16_CIN_PIT,Dry,"Cloudy Temp: 49° F, Humidity: 54%, Wind: S 5 mph"
2023_16_DAL_MIA,Dry,"Cloudy Temp: 75° F, Humidity: 66%, Wind: E 15 mph"
2023_16_GB_CAR,Dry,"Sunny Temp: 67° F, Humidity: 43%, Wind: E 1 mph"
2023_16_JAX_TB,Dry,"Cloudy Temp: 72° F, Humidity: 72%, Wind: E 11 mph"
2023_16_LV_KC,Dry,"Temp: 38° F, Humidity: 89%, Wind: W 11 mph"
2023_16_NE_DEN,Dry,"Mostly cloudy to partly cloudy by end of game, temperatures falling Temp: 28° F, Humidity: 50%, Wind: SW 9 mph"
2023_16_NYG_PHI,Dry,"Cloudy Temp: 51° F, Humidity: 68%, Wind: NE 5 mph"
2023_16_SEA_TEN,Dry,"Cloudy Temp: 64° F, Humidity: 70%, Wind: SSE 13 mph"
2023_16_WAS_NYJ,Dry,"Mostly Cloudy Temp: 47° F, Humidity: 76%, Wind: WNW 2 mph"
2023_17_ARI_PHI,Dry,"Partly Cloudy Temp: 45° F, Humidity: 48%, Wind: NW 9 mph"
2023_17_ATL_CHI,Snow,"Light Snow Temp: 32° F, Humidity: 92%, Wind: WNW 5 mph"
2023_17_CAR_JAX,Dry,"Temp: 56° F, Humidity: 47%, Wind: W 8 mph"
2023_17_CIN_KC,Dry,"Temp: 36° F, Humidity: 59%, Wind: N 12 mph"
2023_17_LAC_DEN,Dry,"Mostly cloudy with temperatures falling throughout the game Temp: 41° F, Humidity: 40%, Wind: W 6 mph"
2023_17_LA_NYG,Dry,"Overcast Temp: 41° F, Humidity: 53%, Wind: W 10 mph"
2023_17_MIA_BAL,Dry,"Clear Temp: 50° F, Humidity: 41%, Wind: WNW 7 mph"
2023_17_NE_BUF,Dry,"Cloudy Temp: 35° F, Humidity: 88%, Wind: SSE 4 mph"
2023_17_NO_TB,Dry,"Clear Temp: 66° F, Humidity: 58%, Wind: SW 5 mph"
2023_17_NYJ_CLE,Dry,"Cloudy Temp: 47° F, Humidity: 76%, Wind: S 6 mph"
2023_17_PIT_SEA,Dry,"Partly Cloudy Temp: 47° F, Humidity: 83%, Wind: S 4 mph"
2023_17_SF_WAS,Dry,"Cloudy Temp: 48° F, Humidity: 43%, Wind: SW 7 mph"
2023_18_BUF_MIA,Dry,"Partly Cloudy Temp: 63° F, Humidity: 71%, Wind: NNE 6 mph"
2023_18_CHI_GB,Dry,"Cloudy Temp: 34° F, Humidity: 69%, Wind: W 7 mph"
2023_18_CLE_CIN,Dry,"Cloudy Temp: 38° F, Humidity: 74%, Wind: W 12 mph"
2023_18_DAL_WAS,Dry,"Cloudy Temp: 48° F, Humidity: 52%, Wind: WNW 13 mph"
2023_18_JAX_TEN,Dry,"Cloudy Temp: 41° F, Humidity: 77%, Wind: W 11 mph"
2023_18_LA_SF,Dry,"Sunny Temp: 52° F, Humidity: 50%, Wind: NW 11 mph"
2023_18_NYJ_NE,Snow,"Snow Temp: 33° F, Humidity: 98%, Wind: SW 14 mph"
2023_18_PHI_NYG,Dry,"Overcast Temp: 36° F, Humidity: 76%, Wind: NW 12 mph"
2023_18_PIT_BAL,Rain,"Rain Temp: 38° F, Humidity: 91%, Wind: ENE 15 mph"
2023_18_TB_CAR,Dry,"Partly Cloudy Temp: 54° F, Humidity: 48%, Wind: WSW 19 mph"
2023_19_MIA_KC,Dry,"Temp: -4° F, Humidity: 64%, Wind: NW 19 mph"
2023_19_PHI_TB,Dry,"Cloudy Temp: 67° F, Humidity: 87%, Wind: E 1 mph"
2023_19_PIT_BUF,Dry,"Partly cloudy Temp: 17° F, Humidity: 57%, Wind: SW 10 mph"
2023_20_GB_SF,Rain,"Rain Temp: 59° F, Humidity: 77%, Wind: SW 8 mph"
2023_20_HOU_BAL,Dry,"Clear Temp: 27° F, Humidity: 40%, Wind: WNW 16 mph"
2023_20_KC_BUF,Dry,"Cloudy Temp: 25° F, Humidity: 67%, Wind: WSW 11 mph"
2023_21_DET_SF,Dry,"Cloudy Temp: 69° F, Humidity: 55%, Wind: NW 5 mph"
2023_21_KC_BAL,Dry,"Cloudy Temp: 47° F, Humidity: 83%, Wind: N 7 mph"
2013_01_BAL_DEN,Light rain,"Mostly Cloudy, Light Rain Temp: 83° F, Humidity: 30%, Wind: NW 7 mph"
2013_01_CIN_CHI,Dry,"Cloudy Temp: 73° F, Humidity: 79%, Wind: ENE 11 mph"
2013_01_GB_SF,Dry,"Sunny Temp: 69° F, Humidity: 67%, Wind: North 6 mph"
2013_01_HOU_SD,Dry,"Partly Cloudy Temp: 70° F, Humidity: 73%, Wind: WNW 10 mph"
2013_01_KC_JAX,Maybe,"No chance of rain Temp: 85° F, Humidity: 55%, Wind: NE 10 mph"
2013_01_MIA_CLE,Dry,"Sunny Temp: 70° F, Humidity: 80%, Wind: NE 13 mph"
2013_01_NE_BUF,Dry,"Sunny Temp: 65° F, Humidity: 55%, Wind: NE 11 mph"
2013_01_PHI_WAS,Dry,"Cloudy Temp: 80° F, Humidity: 52%, Wind: South 9 mph"
2013_01_SEA_CAR,Dry,"Partly Cloudy Temp: 87° F, Humidity: 48%, Wind: North 7 mph"
2013_01_TB_NYJ,Dry,"Temp: 82° F, Humidity: 50%, Wind: WNW 9 mph"
2013_01_TEN_PIT,Dry,"Cloudy Temp: 73° F, Humidity: 76%, Wind: From N 9 mph"
2013_02_CAR_BUF,Dry,"Mostly cloudy Temp: 65° F, Humidity: 59%, Wind: WSW 10 mph"
2013_02_CLE_BAL,Dry,"Partly Cloudy Temp: 75° F, Humidity: 37%, Wind: SSW 6 mph"
2013_02_DAL_KC,Dry,"Sunny Temp: 72° F, Humidity: 69%, Wind: Southwest 6 mph"
2013_02_DEN_NYG,Dry,"Mosty Sunny Temp: 70° F, Humidity: 33%, Wind: SSW 3 mph"
2013_02_JAX_OAK,Dry,"Sunny Temp: 76° F, Humidity: 52%, Wind: West 10 mph"
2013_02_MIA_IND,Dry,"Partly cloudy Temp: 72° F, Humidity: 41%, Wind: SSW 9 mph"
2013_02_MIN_CHI,Rain,"Rain Temp: 60° F, Humidity: 76%, Wind: ESE 6 mph"
2013_02_NO_TB,Dry,"Cloudy Temp: 93° F, Humidity: 47%, Wind: E 8 mph"
2013_02_NYJ_NE,Dry,"Cloudy, warm and humid Temp: 72° F, Humidity: 89%, Wind: South 8 mph"
2013_02_PIT_CIN,Dry,"Clear Temp: 62° F, Humidity: 75%, Wind: ENE 5 mph"
2013_02_SD_PHI,Dry,"Sunny Temp: 71° F, Humidity: 40%, Wind: SW 6 mph"
2013_02_SF_SEA,Dry,"Cloudy Temp: 64° F, Humidity: 81%, Wind: SSW 6 mph"
2013_02_WAS_GB,Rain,"Rain Temp: 56° F, Humidity: 100%, Wind: SE 4 mph"
2013_03_ATL_MIA,Dry,"Cloudy Temp: 89° F, Humidity: 58%, Wind: S 8 mph"
2013_03_BUF_NYJ,Dry,"Temp: 67° F, Humidity: 46%, Wind: NW 24 mph"
2013_03_CHI_PIT,Dry,"Cloudy Temp: 56° F, Humidity: 72%, Wind: From NNW 5 mph"
2013_03_DET_WAS,Dry,"Sunny Temp: 72° F, Humidity: 51%, Wind: NNW 8 mph"
2013_03_GB_CIN,Dry,"Partly Cloudy Temp: 63° F, Humidity: 52%, Wind: NNE 13 mph"
2013_03_HOU_BAL,Dry,"Sunny Temp: 73° F, Humidity: 44%, Wind: NNW 9 mph"
2013_03_IND_SF,Dry,"Sunny Temp: 66° F, Humidity: 63%, Wind: Northeast 5 mph"
2013_03_JAX_SEA,Rain,"Rain Temp: 61° F, Humidity: 87%, Wind: South 17 mph"
2013_03_KC_PHI,Dry,"Clear Temp: 73° F, Humidity: 43%, Wind: SW 4 mph"
2013_03_NYG_CAR,Dry,"Sunny Temp: 75° F, Humidity: 52%, Wind: North 15 mph"
2013_03_OAK_DEN,Dry,"Mostly Clear. Temp: 64° F, Humidity: 28%, Wind: NW 16 mph"
2013_03_SD_TEN,Dry,"Sunny Temp: 72° F, Humidity: 46%, Wind: ENE 7 mph"
2013_03_TB_NE,Dry,"Sunny Temp: 65° F, Humidity: 72%, Wind: WNW 9 mph"
2013_04_ARI_TB,Dry,"Sunny Temp: 84° F, Humidity: 55%, Wind: N 5 mph"
2013_04_BAL_BUF,Dry,"Mostly sunny Temp: 67° F, Humidity: 57%, Wind: SSW 15 mph"
2013_04_CIN_CLE,Dry,"Temp: 68° F, Humidity: 67%, Wind: south 9 mph"
2013_04_DAL_SD,Dry,"Sunny Temp: 80° F, Humidity: 27%, Wind: WNW 7 mph"
2013_04_IND_JAX,Maybe,"10% chance of rain Temp: 80° F, Humidity: 65%, Wind: NE 12 mph"
2013_04_NYG_KC,Dry,"Sunny with calm winds Temp: 66° F, Humidity: 65%, Wind: 0 mph"
2013_04_NYJ_TEN,Dry,"Cloudy Temp: 74° F, Humidity: 51%, Wind: SW 4 mph"
2013_04_PHI_DEN,Dry,"Partly Cloudy Temp: 76° F, Humidity: 16%, Wind: NE 8 mph"
2013_04_PIT_MIN,Dry,"Partly Cloudy Temp: 54° F, Humidity: 86%, Wind: East 11 mph"
2013_04_WAS_OAK,Dry,"Sunny Temp: 77° F, Humidity: 52%, Wind: West 13 mph"
2013_05_BAL_MIA,Dry,"Sunny Temp: 87° F, Humidity: 56%, Wind: SE 5 mph"
2013_05_BUF_CLE,Dry,"Temp: 75° F, Humidity: 73%, Wind: ssw 6 mph"
2013_05_DET_GB,Dry,"Sunny Temp: 59° F, Humidity: 59%, Wind: West 10 mph"
2013_05_HOU_SF,Dry,"Sunny Temp: 76° F, Humidity: 40%, Wind: Northerly 9 mph"
2013_05_KC_TEN,Dry,"Cloudy Temp: 74° F, Humidity: 83%, Wind: WSW 10 mph"
2013_05_NE_CIN,Dry,"Cloudy Temp: 68° F, Humidity: 93%, Wind: SSE 7 mph"
2013_05_NO_CHI,Dry,"Sunny Temp: 60° F, Humidity: 49%, Wind: WSW 10 mph"
2013_05_PHI_NYG,Dry,"Mostly Cloudy Temp: 66° F, Humidity: 100%, Wind: ESE 6 mph"
2013_05_SD_OAK,Dry,"Partly Cloudy Temp: 70° F, Wind: WNW 2 MPH mph"
2013_06_ARI_SF,Dry,"Sunny Temp: 65° F, Humidity: 55%, Wind: nw 5 mph"
2013_06_CIN_BUF,Dry,"Mostly cloudy Temp: 65° F, Humidity: 70%, Wind: S 11 mph"
2013_06_DET_CLE,Dry,"Cloudy Temp: 66° F, Humidity: 78%, Wind: West 8 mph mph"
2013_06_GB_BAL,Dry,"Cloudy Temp: 61° F, Humidity: 83%, Wind: NE 10 mph"
2013_06_IND_SD,Dry,"Sunny Temp: 69° F, Humidity: 69%, Wind: W 13 mph"
2013_06_JAX_DEN,Dry,"Partly Cloudy Temp: 59° F, Humidity: 53%, Wind: S 7 mph"
2013_06_NO_NE,Dry,"Partly Cloudy Temp: 59° F, Humidity: 57%, Wind: ENE 7 mph"
2013_06_NYG_CHI,Dry,"Clear Temp: 63° F, Humidity: 74%, Wind: E 10 mph"
2013_06_OAK_KC,Dry,"Sunny Temp: 63° F, Humidity: 41%, Wind: E-NE 7 mph"
2013_06_PHI_TB,Dry,"Cloudy Temp: 82° F, Humidity: 42%, Wind: NE 3 mph"
2013_06_PIT_NYJ,Dry,"Temp: 62° F, Humidity: 68%, Wind: NE 10 - 18 mph"
2013_06_TEN_SEA,Dry,"Sunny Temp: 51° F, Humidity: 80%, Wind: N 4 mph"
2013_07_BAL_PIT,Dry,"Partly Cloudy Temp: 57° F, Humidity: 49%, Wind: From SW 14 mph"
2013_07_BUF_MIA,Dry,"Partly Cloudy Temp: 87° F, Humidity: 57%, Wind: W 5 mph"
2013_07_CHI_WAS,Dry,"Sunny Temp: 61° F, Humidity: 39%, Wind: NNW 13 mph"
2013_07_CLE_GB,Rain,"Rain Temp: 46° F, Humidity: 65%, Wind: South 8 mph"
2013_07_DAL_PHI,Dry,"Sunny Temp: 60° F, Humidity: 39%, Wind: WNW 13 mph"
2013_07_DEN_IND,Dry,"Clear Temp: 57° F, Humidity: 51%, Wind: SSW 11 mph"
2013_07_HOU_KC,Dry,"Sunny Temp: 70° F, Humidity: 36%, Wind: Southwest 15 mph"
2013_07_MIN_NYG,Dry,"Partly Cloudy Temp: 57° F, Humidity: 63%, Wind: S 4 mph"
2013_07_NE_NYJ,Dry,"Sunny Temp: 63° F, Humidity: 36%, Wind: WNW 11 mph"
2013_07_SD_JAX,Maybe,"No chance of rain Temp: 73° F, Wind: NE 12 mph"
2013_07_SF_TEN,Dry,"Sunny Temp: 68° F, Humidity: 32%, Wind: N 3 mph"
2013_07_STL_CAR,Dry,"Sunny Temp: 68° F, Humidity: 42%, Wind: ENE 4 mph"
2013_08_CAR_TB,Dry,"Cloudy Temp: 70° F, Humidity: 53%, Wind: NE 5 mph"
2013_08_CLE_KC,Dry,"Sunny, clear Temp: 52° F, Humidity: 46%, Wind: Southwest 4 mph"
2013_08_MIA_NE,Dry,"Partly Cloudy Temp: 53° F, Humidity: 45%, Wind: West 13 mph"
2013_08_NYG_PHI,Dry,"Sunny Temp: 56° F, Humidity: 40%, Wind: W 13 mph"
2013_08_NYJ_CIN,Dry,"Sunny Temp: 57° F, Humidity: 45%, Wind: SE 3 mph"
2013_08_PIT_OAK,Dry,"Overcast skies Temp: 56° F, Humidity: 81%, Wind: SW 17 mph"
2013_08_SF_JAX,Rain,"Rain Showers Temp: 60° F, Humidity: 63%, Wind: WSW 13 mph"
2013_08_WAS_DEN,Dry,"Mostly Sunny Temp: 69° F, Humidity: 14%, Wind: W 8 mph"
2013_09_ATL_CAR,Dry,"Sunny Temp: 62° F, Humidity: 41%, Wind: NNE 12 mph"
2013_09_BAL_CLE,Dry,"Sunny Temp: 46° F, Humidity: 54%, Wind: N-NE 9 mph"
2013_09_CHI_GB,Dry,"Cloudy Temp: 49° F, Humidity: 77%, Wind: South 14 mph"
2013_09_CIN_MIA,Dry,"Partly Cloudy Temp: 79° F, Humidity: 76%, Wind: E 8 mph"
2013_09_KC_BUF,Dry,"Overcast Temp: 36° F, Humidity: 58%, Wind: NW 7 mph"
2013_09_NO_NYJ,Dry,"Temp: 48° F, Humidity: 53%, Wind: NNW 14 mph"
2013_09_PHI_OAK,Dry,"Sunny, Hazy Skies Temp: 62° F, Humidity: 30%, Wind: W 6 mph"
2013_09_PIT_NE,Dry,"Partly cloudy, cool and windy Temp: 44° F, Humidity: 44%, Wind: North 6 mph"
2013_09_SD_WAS,Dry,"Sunny Temp: 57° F, Humidity: 41%, Wind: North 20 mph"
2013_09_TB_SEA,Dry,"Sunny Temp: 48° F, Humidity: 68%, Wind: SSE 4 mph"
2013_10_BUF_PIT,Dry,"Mostly Cloudy Temp: 46° F, Humidity: 56%, Wind: From W 21 mph"
2013_10_CAR_SF,Dry,"Sunny Temp: 62° F, Humidity: 65%, Wind: Easterly 6 mph"
2013_10_CIN_BAL,Dry,"Sunny Temp: 60° F, Humidity: 36%, Wind: W 17 mph"
2013_10_DEN_SD,Dry,"Sunny Temp: 78° F, Humidity: 14%, Wind: SSW 6 mph"
2013_10_DET_CHI,Dry,"Mostly Sunny Temp: 47° F, Humidity: 51%, Wind: W 6 mph"
2013_10_JAX_TEN,Dry,"Sunny Temp: 62° F, Humidity: 40%, Wind: NE 6 mph"
2013_10_MIA_TB,Dry,"Sunny Temp: 73° F, Humidity: 74%, Wind: N 5 mph"
2013_10_OAK_NYG,Dry,"Cloudy Temp: 49° F, Humidity: 71%, Wind: NNW 14 mph"
2013_10_PHI_GB,Dry,"Mostly sunny Temp: 45° F, Humidity: 48%, Wind: West 12 mph"
2013_11_ARI_JAX,Maybe,"20% chance of rain Temp: 76° F, Wind: E 8 mph"
2013_11_ATL_TB,Dry,"Cloudy Temp: 79° F, Humidity: 74%, Wind: N 6 mph"
2013_11_BAL_CHI,Maybe,"Cloudy, Wind Gusts to 34 mph, Showers and Thunderstorms Expected Temp: 68° F, Humidity: 82%, Wind: S 17 mph"
2013_11_CLE_CIN,Dry,"Cloudy Temp: 62° F, Humidity: 92%, Wind: S 7 mph"
2013_11_DET_PIT,Rain,"Thunderstorms Temp: 60° F, Humidity: 87%, Wind: South 12 mph"
2013_11_GB_NYG,Dry,"Mostly Cloudy Temp: 59° F, Humidity: 100%, Wind: SE 2 mph"
2013_11_IND_TEN,Dry,"Clear Temp: 44° F, Humidity: 36%, Wind: SSW 3 mph"
2013_11_KC_DEN,Dry,"Clear Temp: 43° F, Humidity: 34%, Wind: E 6 mph"
2013_11_MIN_SEA,Dry,"Sunny Temp: 50° F, Humidity: 81%, Wind: S 14 mph"
2013_11_NE_CAR,Dry,"Cloudy Temp: 59° F, Humidity: 35%, Wind: NNW 8 mph"
2013_11_NYJ_BUF,Dry,"Cloudy Temp: 62° F, Humidity: 71%, Wind: S 14 mph"
2013_11_SD_MIA,Dry,"Cloudy Temp: 81° F, Humidity: 67%, Wind: ESE 12 mph"
2013_11_WAS_PHI,Dry,"Partly Sunny Temp: 64° F, Humidity: 71%, Wind: SSW 7 mph"
2013_12_CAR_MIA,Dry,"Cloudy Temp: 82° F, Humidity: 55%, Wind: NNE 13 mph"
2013_12_DAL_NYG,Dry,"Clear Temp: 25° F, Humidity: 40%, Wind: W 6 mph"
2013_12_DEN_NE,Dry,"Clear, windy and cold Temp: 22° F, Humidity: 29%, Wind: WNW 22 mph"
2013_12_MIN_GB,Dry,"Mostly cloudy Temp: 19° F, Humidity: 52%, Wind: SW 10 mph"
2013_12_NYJ_BAL,Dry,"Partly Cloudy, Windy Temp: 33° F, Humidity: 23%, Wind: NW 26 mph"
2013_12_PIT_CLE,Snow,"Cold, Snow Temp: 20° F, Humidity: 84%, Wind: w 31 mph"
2013_12_SD_KC,Dry,"Mostly Sunny Temp: 24° F, Humidity: 50%, Wind: South 3 mph"
2013_12_SF_WAS,Dry,"Sunny Temp: 35° F, Humidity: 37%, Wind: SSW 12 mph"
2013_12_TEN_OAK,Dry,"Sunny Temp: 58° F, Humidity: 56%, Wind: West 5 mph"
2013_13_ARI_PHI,Dry,"Sunny Temp: 46° F, Humidity: 53%, Wind: SSW 4 mph"
2013_13_CIN_SD,Dry,"Sunny Temp: 77° F, Humidity: 26%, Wind: WNW 5 mph"
2013_13_DEN_KC,Dry,"Sunny and clear Temp: 55° F, Humidity: 47%, Wind: Northwest 4 mph"
2013_13_JAX_CLE,Dry,"Overcast Temp: 40° F, Humidity: 61%, Wind: sw 7 mph"
2013_13_MIA_NYJ,Dry,"Partly Cloudy Temp: 48° F, Humidity: 59%, Wind: S 4 mph"
2013_13_NO_SEA,Dry,"Cloudy Temp: 41° F, Humidity: 62%, Wind: S 6 mph"
2013_13_NYG_WAS,Dry,"Cloudy Temp: 43° F, Humidity: 72%, Wind: 0 mph"
2013_13_PIT_BAL,Dry,"Clear Temp: 37° F, Humidity: 39%, Wind: WSW 2 mph"
2013_13_STL_SF,Dry,"Sunny Temp: 59° F, Humidity: 72%, Wind: North 6 mph"
2013_13_TB_CAR,Dry,"Partly Cloudy Temp: 56° F, Humidity: 55 %, Wind: SW 2 mph"
2013_14_ATL_GB,Dry,"Cloudy Temp: 9° F, Humidity: 80%, Wind: NE 6 mph"
2013_14_BUF_TB,Dry,"Cloudy Temp: 82° F, Humidity: 62%, Wind: SE 13 mph"
2013_14_CLE_NE,Dry,"Cloudy and cold Temp: 30° F, Humidity: 46%, Wind: NNW 5 mph"
2013_14_DAL_CHI,Dry,"Partly Cloudy Temp: 8° F, Humidity: 63%, Wind: W 14 mph"
2013_14_DET_PHI,Snow,"Snow Temp: 27° F, Humidity: 56%, Wind: NE 6 mph"
2013_14_HOU_JAX,Maybe,"0% Chance of Rain Temp: 72° F, Humidity: 73%, Wind: S 7 mph"
2013_14_IND_CIN,Snow,"Cloudy, chance of snow Temp: 25° F, Humidity: 85%, Wind: ENE 7 mph"
2013_14_KC_WAS,Snow,"Snow Temp: 30° F, Humidity: 79%, Wind: NNE 10 mph"
2013_14_MIA_PIT,Snow,"Light Snow Temp: 25° F, Humidity: 73%, Wind: From E 9 mph"
2013_14_MIN_BAL,Snow,"Light Snow Temp: 33° F, Humidity: 67%, Wind: NE 7 mph"
2013_14_NYG_SD,Dry,"Sunny Temp: 53° F, Humidity: 53%, Wind: SW 8 mph"
2013_14_OAK_NYJ,Dry,"Cloudy Temp: 33° F, Humidity: 51%, Wind: NNE 6 mph"
2013_14_SEA_SF,Dry,"Sunny Temp: 43° F, Humidity: 49%, Wind: Easterly 5 mph"
2013_14_TEN_DEN,Dry,"Mostly Sunny Temp: 18° F, Humidity: 63%, Wind: NE 5 mph"
2013_15_ARI_TEN,Dry,"Cloudy Temp: 37° F, Humidity: 64%, Wind: NNE 4 mph"
2013_15_BUF_JAX,Maybe,"10% chance of rain Temp: 60° F, Wind: 20 mph"
2013_15_CHI_CLE,Snow,"flurries Temp: 25° F, Humidity: 82%, Wind: wsw 12 mph"
2013_15_CIN_PIT,Dry,"Cloudy Temp: 26° F, Humidity: 66%, Wind: From W 20 mph"
2013_15_KC_OAK,Dry,"Sunny Temp: 64° F, Humidity: 39%, Wind: NW 6 mph"
2013_15_NE_MIA,Dry,"Partly Cloudy Temp: 84° F, Humidity: 70%, Wind: SW 14 mph"
2013_15_NYJ_CAR,Dry,"Sunny Temp: 54° F, Humidity: 47%, Wind: WNW 11 mph"
2013_15_SD_DEN,Dry,"Mostly Clear Temp: 37° F, Humidity: 50%, Wind: E 2 mph"
2013_15_SEA_NYG,Dry,"Partly Sunny Temp: 36° F, Humidity: 88%, Wind: WNW 7 mph"
2013_15_SF_TB,Dry,"Cloudy Temp: 70° F, Humidity: 64%, Wind: N 7 mph"
2013_16_ARI_SEA,Dry,"Cloudy Temp: 48° F, Humidity: 94%, Wind: SSE 6 mph"
2013_16_ATL_SF,Dry,"Clear Temp: 60° F, Humidity: 49%, Wind: 0 mph"
2013_16_CHI_PHI,Dry,"Cloudy Temp: 62° F, Humidity: 82%, Wind: S 11 mph"
2013_16_CLE_NYJ,Dry,"Cloudy Temp: 70° F, Humidity: 65%, Wind: WSW 12 mph"
2013_16_DAL_WAS,Rain,"Rain Temp: 65° F, Humidity: 92%, Wind: South 5 mph"
2013_16_IND_KC,Dry,"Cloudy Temp: 22° F, Humidity: 84%, Wind: NW 10 mph"
2013_16_MIA_BUF,Light rain,"Cloudy with mist Temp: 41° F, Humidity: 79%, Wind: NW 8 mph"
2013_16_MIN_CIN,Dry,"Mostly Cloudy Temp: 53° F, Humidity: 80%, Wind: WSW 11 mph"
2013_16_NE_BAL,Dry,"Cloudy Temp: 65° F, Humidity: 75%, Wind: SSW 8 mph"
2013_16_NO_CAR,Rain,"Rainy Temp: 72° F, Humidity: 84%, Wind: S 18 mph"
2013_16_OAK_SD,Dry,"Sunny Temp: 67° F, Humidity: 45%, Wind: WNW 7 mph"
2013_16_PIT_GB,Snow,"Snow Temp: 23° F, Humidity: 78%, Wind: North 13 mph"
2013_16_TEN_JAX,Dry,"Temp: 79° F, Wind: SW 13 mph"
2013_17_BAL_CIN,Dry,"Cloudy Temp: 43° F, Humidity: 93%, Wind: S 3 mph"
2013_17_BUF_NE,Rain,"Rain Temp: 39° F, Humidity: 100%, Wind: ESE 8 mph"
2013_17_CLE_PIT,Light rain,"Light Rain Temp: 40° F, Humidity: 93%, Wind: From NW 5 mph"
2013_17_DEN_OAK,Dry,"Sunny Temp: 70° F, Humidity: 16%, Wind: NE 8 mph"
2013_17_GB_CHI,Snow,"Rain/Snow Mix Temp: 26° F, Humidity: 88%, Wind: NW 16 mph"
2013_17_HOU_TEN,Dry,"Sunny Temp: 53° F, Humidity: 61%, Wind: W 4 mph"
2013_17_KC_SD,Dry,"Sunny Temp: 73° F, Humidity: 14%, Wind: N 1 mph"
2013_17_NYJ_MIA,Dry,"Cloudy Temp: 79° F, Humidity: 84%, Wind: SSE 12 mph"
2013_17_STL_SEA,Dry,"Cloudy Temp: 40° F, Humidity: 93%, Wind: SSE 5 mph"
2013_17_WAS_NYG,Rain,"Rain Temp: 40° F, Humidity: 100%, Wind: E 2 mph"
2013_18_NO_PHI,Dry,"Clear Temp: 25° F, Humidity: 55%, Wind: SSW 5 mph"
2013_18_SD_CIN,Dry,"Cloudy Temp: 42° F, Humidity: 84%, Wind: S 5 mph"
2013_18_SF_GB,Dry,"Mostly Cloudy Temp: 5° F, Humidity: 60%, Wind: NW 10 mph"
2013_19_IND_NE,Rain,"Rain and wind Temp: 57° F, Humidity: 100%, Wind: South 18 with gusts to 29 mph"
2013_19_NO_SEA,Rain,"Rain Temp: 48° F, Humidity: 75%, Wind: S 20 mph"
2013_19_SD_DEN,Dry,"Partly Cloudy Temp: 41° F, Humidity: 20%, Wind: NW 17 mph"
2013_19_SF_CAR,Dry,"Sunny Temp: 54° F, Humidity: 42%, Wind: W 8 mph"
2013_20_NE_DEN,Dry,"Sunny Temp: 63° F, Humidity: 10%, Wind: West 9 mph"
2013_20_SF_SEA,Dry,"Cloudy Temp: 43° F, Humidity: 88%, Wind: NE 1 mph"
2013_21_SEA_DEN,Dry,"Partly Cloudy Temp: 49° F, Humidity: 63%, Wind: WNW 4 mph"
2014_01_BUF_CHI,Dry,"Sunny Temp: 74° F, Humidity: 45%, Wind: NE 3 mph"
2014_01_CAR_TB,Dry,"Cloudy Temp: 88° F, Humidity: 29%, Wind: SW 6 mph"
2014_01_CIN_BAL,Dry,"Partly Cloudy Temp: 74° F, Humidity: 45%, Wind: north 8 mph"
2014_01_CLE_PIT,Dry,"Partly Cloudy Temp: 71° F, Humidity: 55%, Wind: From NE 6 mph"
2014_01_GB_SEA,Dry,"Sunny Temp: 71° F, Humidity: 52%, Wind: NW 11 mph"
2014_01_IND_DEN,Dry,"Mostly Cloudy Temp: 75° F, Humidity: 41%, Wind: NW 6 mph"
2014_01_JAX_PHI,Dry,"Sunny Temp: 75° F, Humidity: 51%, Wind: N 9 mph"
2014_01_NE_MIA,Dry,"Partly Cloudy Temp: 89° F, Humidity: 61%, Wind: 15 SE mph"
2014_01_OAK_NYJ,Dry,"Temp: 76° F, Humidity: 47%, Wind: NNE 12 mph"
2014_01_TEN_KC,Dry,"Sunny Temp: 69° F, Humidity: 57%, Wind: East 7 mph"
2014_02_ARI_NYG,Dry,"Sunny Temp: 66° F, Humidity: 48%, Wind: North 1 mph"
2014_02_ATL_CIN,Dry,"Sunny Temp: 66° F, Humidity: 48%, Wind: E 4 mph"
2014_02_CHI_SF,Dry,"Sunny Temp: 78° F, Humidity: 48%, Wind: Westerly 10 mph"
2014_02_DAL_TEN,Dry,"Sunny Temp: 75° F, Humidity: 45%, Wind: NW 2 mph"
2014_02_DET_CAR,Dry,"Cloudy Temp: 70° F, Humidity: 63%, Wind: NE 9 mph"
2014_02_HOU_OAK,Dry,"Sunny Temp: 67° F, Humidity: 69%, Wind: WNW 16 mph"
2014_02_JAX_WAS,Dry,"Sunny Temp: 65° F, Humidity: 50%, Wind: North 6 mph"
2014_02_KC_DEN,Dry,"Partly Cloudy Temp: 85° F, Humidity: 16%, Wind: SE 7 mph"
2014_02_MIA_BUF,Dry,"Mostly cloudy Temp: 58° F, Humidity: 56%, Wind: SE 4 mph"
2014_02_NE_MIN,Dry,"Partly Cloudy Temp: 58° F, Wind: Southeast mph"
2014_02_NO_CLE,Dry,"Partly Cloudy Temp: 61° F, Humidity: 62%, Wind: SE 6 mph"
2014_02_NYJ_GB,Dry,"Sunny Temp: 63° F, Humidity: 52%, Wind: South 15 mph"
2014_02_PIT_BAL,Dry,"Partly Cloudy Temp: 82° F, Humidity: 40%, Wind: WNW 6 mph"
2014_02_SEA_SD,Dry,"Sunny Temp: 94° F, Humidity: 33%, Wind: W 8 mph"
2014_02_STL_TB,Dry,"Cloudy Temp: 88° F, Humidity: 47%, Wind: S 8 mph"
2014_03_BAL_CLE,Dry,"Partly Sunny Temp: 71° F, Humidity: 70%, Wind: w 23 mph"
2014_03_CHI_NYJ,Dry,"Clear Temp: 60° F, Humidity: 47%, Wind: NW 10 mph"
2014_03_DEN_SEA,Dry,"Sunny Temp: 70° F, Humidity: 67%, Wind: SSE 7 mph"
2014_03_HOU_NYG,Dry,"Cloudy Temp: 70° F, Humidity: 94%, Wind: NNW 4 mph"
2014_03_IND_JAX,Maybe,"No chance of rain Temp: 85° F, Wind: NE 5 mph"
2014_03_KC_MIA,Dry,"Cloudy Temp: 88° F, Humidity: 56%, Wind: ESE 4 mph"
2014_03_OAK_NE,Dry,"Cloudy and humid Temp: 78° F, Humidity: 67%, Wind: SSE 11 mph"
2014_03_PIT_CAR,Dry,"Clear Temp: 79° F, Humidity: 52%, Wind: WSW 7 mph"
2014_03_SD_BUF,Dry,"Partly cloudy Temp: 72° F, Humidity: 73%, Wind: WSW 24 mph"
2014_03_TEN_CIN,Dry,"Mostly Cloudy Temp: 74° F, Humidity: 66%, Wind: NW 20 mph"
2014_03_WAS_PHI,Dry,"Mostly Cloudy Temp: 79° F, Humidity: 62%, Wind: N 4 mph"
2014_04_ATL_MIN,Dry,"Partly Cloudy Temp: 82° F, Wind: mph"
2014_04_CAR_BAL,Dry,"Sunny Temp: 78° F, Humidity: 0%, Wind: South 4 mph"
2014_04_DET_NYJ,Dry,"Temp: 80° F, Humidity: 46%, Wind: mph"
2014_04_GB_CHI,Dry,"Partly Cloudy Temp: 70° F, Humidity: 67%, Wind: NE 3 mph"
2014_04_JAX_SD,Dry,"Sunny Temp: 73° F, Humidity: 54%, Wind: SSW 8 mph"
2014_04_MIA_OAK,Dry,"Overcast Temp: 74° F, Humidity: 56%, Wind: SSE 6 mph"
2014_04_NE_KC,Dry,"Clear Temp: 82° F, Humidity: 42%, Wind: Northeast 3 mph"
2014_04_NYG_WAS,Dry,"Cloudy Temp: 64° F, Humidity: 88%, Wind: North 4 mph"
2014_04_PHI_SF,Dry,"Sunny Temp: 72° F, Humidity: 51%, Wind: Westerly 4 mph"
2014_04_TB_PIT,Dry,"Partly Cloudy Temp: 74° F, Humidity: 54%, Wind: From SSW 3 mph"
2014_04_TEN_IND,Dry,"Partly sunny Temp: 78° F, Humidity: 42%, Wind: NE 4 mph"
2014_05_ARI_DEN,Dry,"Sunny Temp: 71° F, Humidity: 20%, Wind: NW 10 mph"
2014_05_ATL_NYG,Dry,"Sunny Temp: 55° F, Humidity: 45%, Wind: WNW 9 mph"
2014_05_BAL_IND,Dry,"Cloudy Temp: 53° F, Humidity: 50%, Wind: S 14 mph"
2014_05_CHI_CAR,Dry,"Sunny Temp: 60° F, Humidity: 36%, Wind: SW 7 mph"
2014_05_CIN_NE,Dry,"Clear and cool Temp: 47° F, Humidity: 71%, Wind: West 2 mph"
2014_05_CLE_TEN,Dry,"Partly Sunny Temp: 67° F, Humidity: 31%, Wind: WSW 13 mph"
2014_05_KC_SF,Dry,"Sunny Temp: 85° F, Humidity: 28%, Wind: WNW 1 mph"
2014_05_MIN_GB,Rain,"Rain Temp: 62° F, Humidity: 98%, Wind: East 6 mph"
2014_05_NYJ_SD,Dry,"Sunny Temp: 91° F, Humidity: 11%, Wind: SSW 8 mph"
2014_05_PIT_JAX,Maybe,"No Chance of Rain Temp: 71° F, Humidity: 30%, Wind: N 10 mph"
2014_05_SEA_WAS,Dry,"Clear Temp: 67° F, Humidity: 47%, Wind: SE 4 mph"
2014_05_STL_PHI,Dry,"Mostly Sunny Temp: 59° F, Humidity: 37%, Wind: W 16 mph"
2014_06_BAL_TB,Dry,"Cloudy Temp: 84° F, Humidity: 62%, Wind: NE 6 mph"
2014_06_CAR_CIN,Dry,"Cloudy Temp: 60° F, Humidity: 61%, Wind: ENE 5 mph"
2014_06_DAL_SEA,Dry,"Partly Cloudy Temp: 60° F, Humidity: 81%, Wind: S 6 mph"
2014_06_DEN_NYJ,Dry,"Temp: 61° F, Humidity: 37%, Wind: NE 5 mph"
2014_06_DET_MIN,Dry,"Sunny Temp: 53° F, Wind: mph"
2014_06_GB_MIA,Dry,"Temp: 86° F, Humidity: 63%, Wind: E 13 mph"
2014_06_JAX_TEN,Dry,"Cloudy Temp: 67° F, Humidity: 87%, Wind: S 7 mph"
2014_06_NE_BUF,Dry,"Clear & sunny Temp: 55° F, Humidity: 45%, Wind: SE 6 mph"
2014_06_NYG_PHI,Dry,"Partly Cloudy Temp: 57° F, Humidity: 47%, Wind: ESE 5 mph"
2014_06_PIT_CLE,Dry,"Sunny Temp: 58° F, Humidity: 48%, Wind: se 13 mph"
2014_06_SD_OAK,Dry,"Sunny Temp: 77° F, Humidity: 35%, Wind: NNW 5 mph"
2014_07_ARI_OAK,Dry,"Sunny Temp: 69° F, Humidity: 71%, Wind: WNW 6 mph"
2014_07_ATL_BAL,Dry,"Sunny Temp: 54° F, Humidity: 0%, Wind: NW 14 mph"
2014_07_CAR_GB,Dry,"Cloudy Temp: 48° F, Humidity: 73%, Wind: SW 12 mph"
2014_07_CIN_IND,Dry,"Partly sunny Temp: 49° F, Humidity: 63%, Wind: W 6 mph"
2014_07_CLE_JAX,Dry,"Temp: 76° F, Humidity: 54%, Wind: N 8 mph"
2014_07_HOU_PIT,Dry,"Cloudy Temp: 57° F, Humidity: 57%, Wind: From S 6 mph"
2014_07_KC_SD,Dry,"Sunny Temp: 75° F, Humidity: 55%, Wind: WNW 2 mph"
2014_07_MIA_CHI,Dry,"Partly cloudy Temp: 50° F, Humidity: 64%, Wind: SW 10 mph"
2014_07_MIN_BUF,Dry,"Cloudy Temp: 41° F, Humidity: 58%, Wind: WNW 9 mph"
2014_07_NYJ_NE,Maybe,"Cloudy, 80% chance of rain Temp: 64° F, Humidity: 93%, Wind: South 9 mph"
2014_07_SF_DEN,Dry,"Mostly Clear Temp: 67° F, Humidity: 25%, Wind: NE 4 mph"
2014_07_TEN_WAS,Dry,"Sunny Temp: 55° F, Humidity: 43%, Wind: NW 13 mph"
2014_08_BAL_CIN,Dry,"Sunny Temp: 62° F, Humidity: 32%, Wind: W 6 mph"
2014_08_BUF_NYJ,Dry,"Mostly cloudy Temp: 59° F, Humidity: 44%, Wind: WNW 16 mph"
2014_08_CHI_NE,Dry,"Cloudy Temp: 54° F, Humidity: 53%, Wind: West 14 with gusts to 25 mph"
2014_08_DET_ATL,Dry,"Overcast Temp: 59° F, Wind: South West 13 mph"
2014_08_HOU_TEN,Dry,"Sunny Temp: 73° F, Humidity: 45%, Wind: E 2 mph"
2014_08_IND_PIT,Dry,"Sunny Temp: 62° F, Humidity: 28%, Wind: From WNW 12 mph"
2014_08_MIA_JAX,Dry,"Temp: 76° F, Humidity: 45%, Wind: NNE 6 mph"
2014_08_MIN_TB,Dry,"Sunny Temp: 77° F, Humidity: 34%, Wind: N 5 mph"
2014_08_OAK_CLE,Dry,"Sunny Temp: 55° F, Humidity: 53%, Wind: w 20 mph"
2014_08_SD_DEN,Dry,"Partly Cloudy Temp: 68° F, Humidity: 24%, Wind: E 3 mph"
2014_08_SEA_CAR,Dry,"Sunny Temp: 77° F, Humidity: 38%, Wind: W 9 mph"
2014_08_STL_KC,Dry,"Sunny Temp: 70° F, Humidity: 73%, Wind: South SE 8 mph"
2014_09_BAL_PIT,Dry,"Clear Temp: 38° F, Humidity: 57%, Wind: From WNW 6 mph"
2014_09_DEN_NE,Dry,"Cloudy Temp: 35° F, Humidity: 63%, Wind: NW 19 with gusts to 26 mph"
2014_09_IND_NYG,Dry,"Mostly Clear Temp: 55° F, Humidity: 26%, Wind: SSW 6 mph"
2014_09_JAX_CIN,Dry,"Sunny Temp: 42° F, Humidity: 42%, Wind: N 3 mph"
2014_09_NO_CAR,Dry,"Clear Temp: 58° F, Humidity: 42%, Wind: NNE 3 mph"
2014_09_NYJ_KC,Dry,"Sunny, clear Temp: 57° F, Humidity: 30%, Wind: South 20 mph"
2014_09_OAK_SEA,Rain,"Rain Temp: 54° F, Humidity: 80%, Wind: South 9 mph"
2014_09_SD_MIA,Dry,"Sunny Temp: 70° F, Humidity: 29%, Wind: NNW 16 mph"
2014_09_STL_SF,Dry,"Sunny Temp: 61° F, Humidity: 55%, Wind: Northwest 8 mph"
2014_09_TB_CLE,Dry,"Temp: 42° F, Humidity: 67%, Wind: N 8 mph"
2014_09_WAS_MIN,Dry,"Sunny Temp: 50° F, Wind: South 10-15 MPH mph"
2014_10_ATL_TB,Dry,"Cloudy Temp: 64° F, Humidity: 73%, Wind: N 5 mph"
2014_10_CAR_PHI,Dry,"Mostly Clear Temp: 52° F, Humidity: 61%, Wind: S 5 mph"
2014_10_CHI_GB,Dry,"Mostly cloudy Temp: 34° F, Humidity: 90%, Wind: NW 5 mph"
2014_10_CLE_CIN,Dry,"Cloudy Temp: 42° F, Humidity: 86%, Wind: W 17 mph"
2014_10_DAL_JAX,Dry,"Clear Temp: 50° F, Humidity: 71%, Wind: South 3 mph"
2014_10_DEN_OAK,Dry,"Clear Temp: 68° F, Humidity: 65%, Wind: WSW 6 mph"
2014_10_KC_BUF,Dry,"Cloudy Temp: 42° F, Humidity: 72%, Wind: SW 10 mph"
2014_10_NYG_SEA,Dry,"Cloudy Temp: 50° F, Humidity: 88%, Wind: 0 mph"
2014_10_PIT_NYJ,Dry,"Sunny Temp: 58° F, Humidity: 36%, Wind: W 8 mph"
2014_10_TEN_BAL,Dry,"Partly Cloudy Temp: 57° F, Humidity: 37%, Wind: W 7 mph"
2014_11_ATL_CAR,Dry,"Cloudy Temp: 48° F, Humidity: 28%, Wind: N 3 mph"
2014_11_BUF_MIA,Dry,"Clear Temp: 74° F, Humidity: 76%, Wind: NE 4 mph"
2014_11_HOU_CLE,Dry,"Cloudy Temp: 34° F, Humidity: 57%, Wind: sw 9 mph"
2014_11_MIN_CHI,Snow,"Cloudy, flurries Temp: 31° F, Humidity: 76%, Wind: SW 12 mph"
2014_11_OAK_SD,Dry,"Sunny Temp: 72° F, Humidity: 40%, Wind: W 13 mph"
2014_11_PHI_GB,Dry,"Cloudy Temp: 28° F, Humidity: 72%, Wind: SW 13 mph"
2014_11_PIT_TEN,Dry,"Cloudy Temp: 25° F, Humidity: 64%, Wind: WSW 9 mph"
2014_11_SEA_KC,Dry,"Cloudy Temp: 21° F, Humidity: 65%, Wind: Northwest 8 mph"
2014_11_SF_NYG,Dry,"Cloudy Temp: 42° F, Humidity: 53%, Wind: SW 0 mph"
2014_11_TB_WAS,Dry,"Cloudy Temp: 45° F, Humidity: 39%, Wind: SW 6 mph"
2014_12_ARI_SEA,Dry,"Sunny Temp: 51° F, Humidity: 79%, Wind: SSw 10 mph"
2014_12_DAL_NYG,Dry,"Cloudy Temp: 51° F, Humidity: 58%, Wind: South 2 mph"
2014_12_DET_NE,Dry,"Mostly sunny Temp: 58° F, Humidity: 40%, Wind: WSW 7 mph"
2014_12_GB_MIN,Dry,"Cloudy Temp: 49° F, Wind: mph"
2014_12_KC_OAK,Dry,"Cloudy Temp: 57° F, Humidity: 88%, Wind: SSE 6 mph"
2014_12_MIA_DEN,Dry,"Mostly Cloudy Temp: 39° F, Humidity: 36%, Wind: N 6 mph"
2014_12_STL_SD,Dry,"Sunny Temp: 72° F, Humidity: 40%, Wind: WNW 5 mph"
2014_12_TB_CHI,Dry,"Cloudy Temp: 54° F, Humidity: 75%, Wind: S 12 mph"
2014_12_TEN_PHI,Dry,"Sunny Temp: 54° F, Humidity: 33%, Wind: S 7 mph"
2014_12_WAS_SF,Dry,"Cloudy Temp: 62° F, Humidity: 44%, Wind: WNW 9 mph"
2014_13_CAR_MIN,Dry,"Sunny Temp: 12° F, Wind: Northwest 17 mph"
2014_13_CIN_TB,Dry,"Sunny Temp: 77° F, Humidity: 54%, Wind: E 7 mph"
2014_13_CLE_BUF,Dry,"Cloudy Temp: 57° F, Humidity: 61%, Wind: SW 17 mph"
2014_13_DEN_KC,Dry,"Cloudy Temp: 27° F, Humidity: 48%, Wind: North 18 mph"
2014_13_MIA_NYJ,Dry,"Temp: 42° F, Humidity: 75%, Wind: NW 6 mph"
2014_13_NE_GB,Dry,"Mostly cloudy Temp: 28° F, Humidity: 60%, Wind: NW 14 mph"
2014_13_NO_PIT,Dry,"Cloudy Temp: 63° F, Humidity: 55%, Wind: From SW 15 mph"
2014_13_NYG_JAX,Maybe,"0% Chance of rain Temp: 71° F, Wind: E 5 mph"
2014_13_SD_BAL,Dry,"Partly Cloudy Temp: 54° F, Humidity: 0%, Wind: SSW 8 mph"
2014_13_SEA_SF,Dry,"Clear Temp: 68° F, Humidity: 45%, Wind: Calm 0 mph"
2014_14_ATL_GB,Snow,"Flurries Temp: 33° F, Humidity: 96%, Wind: 0 mph"
2014_14_BAL_MIA,Dry,"Sunny Temp: 76° F, Humidity: 68%, Wind: NW 10 mph"
2014_14_BUF_DEN,Dry,"Mostly Sunny Temp: 63° F, Humidity: 15%, Wind: SE 3 mph"
2014_14_DAL_CHI,Dry,"Cloudy Temp: 35° F, Humidity: 62%, Wind: SE 5 mph"
2014_14_HOU_JAX,Maybe,"10% Chance of rain Temp: 61° F, Humidity: 60%, Wind: N 15 mph"
2014_14_IND_CLE,Dry,"Sunny Temp: 37° F, Humidity: 61%, Wind: East 10 mph"
2014_14_NE_SD,Dry,"Partly Cloudy Temp: 67° F, Humidity: 59%, Wind: NNW 7 mph"
2014_14_NYG_TEN,Dry,"Cloudy Temp: 45° F, Humidity: 57%, Wind: ENE 6 mph"
2014_14_NYJ_MIN,Dry,"Cloudy Temp: 32° F, Wind: Southeast 17 mph"
2014_14_PIT_CIN,Dry,"Sunny Temp: 39° F, Humidity: 70%, Wind: N 8 mph"
2014_14_SEA_PHI,Dry,"Mostly Sunny Temp: 45° F, Humidity: 32%, Wind: NNE 15 mph"
2014_14_SF_OAK,Dry,"Overcast Temp: 63° F, Humidity: 78%, Wind: Calm No Wind mph"
2014_14_STL_WAS,Dry,"Sunny Temp: 45° F, Humidity: 37%, Wind: North 8 mph"
2014_15_CIN_CLE,Dry,"Overcast Temp: 43° F, Humidity: 94%, Wind: West 7 mph"
2014_15_DAL_PHI,Dry,"Partly Cloudy Temp: 41° F, Humidity: 69%, Wind: NW 9 mph"
2014_15_DEN_SD,Dry,"Sunny Temp: 64° F, Humidity: 46%, Wind: WNW 6 mph"
2014_15_GB_BUF,Dry,"Partly cloudy Temp: 38° F, Humidity: 89%, Wind: W 10 mph"
2014_15_JAX_BAL,Dry,"Mostly Cloudy, Chilly Temp: 47° F, Humidity: 64%, Wind: NW 3 mph"
2014_15_MIA_NE,Dry,"Sunny Temp: 43° F, Humidity: 55%, Wind: NNW 9 mph"
2014_15_NO_CHI,Rain,"Occasional rain ending in the 10PM hour Temp: 44° F, Humidity: 93%, Wind: SSE 5 mph"
2014_15_NYJ_TEN,Dry,"Cloundy Temp: 54° F, Humidity: 58%, Wind: E 6 mph"
2014_15_OAK_KC,Dry,"Cloudy Temp: 58° F, Humidity: 78%, Wind: South 16 mph"
2014_15_SF_SEA,Dry,"Sunny Temp: 46° F, Humidity: 74%, Wind: NW 4 mph"
2014_15_TB_CAR,Dry,"Sunny Temp: 60° F, Humidity: 36%, Wind: N 0 mph"
2014_15_WAS_NYG,Dry,"Cloudy Temp: 43° F, Humidity: 63%, Wind: NNW 9 mph"
2014_16_BUF_OAK,Dry,"Cloudy Temp: 64° F, Humidity: 84%, Wind: WNW 10 mph"
2014_16_CLE_CAR,Dry,"Cloudy Temp: 48° F, Humidity: 65%, Wind: NNE 3 mph"
2014_16_DEN_CIN,Dry,"Cloudy Temp: 47° F, Humidity: 70%, Wind: N 8 mph"
2014_16_DET_CHI,Dry,"Cloudy Temp: 36° F, Humidity: 74%, Wind: S 13 mph"
2014_16_GB_TB,Dry,"Cloudy Temp: 75° F, Humidity: 65%, Wind: N 7 mph"
2014_16_KC_PIT,Dry,"Sunny Temp: 36° F, Humidity: 50%, Wind: From SSE 1 mph"
2014_16_MIN_MIA,Dry,"Partly Cloudy Temp: 80° F, Humidity: 58%, Wind: SE 9 mph"
2014_16_NE_NYJ,Dry,"Temp: 34° F, Humidity: 75%, Wind: NW 9 mph"
2014_16_PHI_WAS,Dry,"Cloudy Temp: 37° F, Humidity: 56%, Wind: mph"
2014_16_SD_SF,Dry,"Cloudy Temp: 61° F, Humidity: 75%, Wind: SW 5 mph"
2014_16_TEN_JAX,Dry,"Temp: 58° F, Wind: NW 2 mph"
2014_17_ARI_SF,Dry,"Sunny Temp: 51° F, Humidity: 60%, Wind: NW 3 mph"
2014_17_BUF_NE,Dry,"Mostly Cloudy Temp: 49° F, Humidity: 74%, Wind: NW 9 mph"
2014_17_CHI_MIN,Dry,"Cloudy Temp: 15° F, Humidity: 77%, Wind: Calm mph"
2014_17_CIN_PIT,Dry,"Cloudy Temp: 37° F, Humidity: 68%, Wind: From NW 5 mph"
2014_17_CLE_BAL,Dry,"Cloudy Temp: 54° F, Humidity: 0%, Wind: WNW 5 mph"
2014_17_DAL_WAS,Dry,"Cloudy Temp: 58° F, Humidity: 54%, Wind: Calm 0 mph"
2014_17_DET_GB,Dry,"Cloudy Temp: 27° F, Humidity: 69%, Wind: West 5 mph"
2014_17_IND_TEN,Dry,"Cloudy Temp: 40° F, Humidity: 99%, Wind: North 6 mph"
2014_17_NO_TB,Dry,"Cloudy Temp: 79° F, Humidity: 74%, Wind: SW 6 mph"
2014_17_NYJ_MIA,Dry,"Partly Cloudy Temp: 80° F, Humidity: 68%, Wind: SE 12 mph"
2014_17_OAK_DEN,Dry,"Partly Cloudy Temp: 40° F, Humidity: 28%, Wind: NE 7 mph"
2014_17_PHI_NYG,Dry,"Cloudy Temp: 48° F, Humidity: 82%, Wind: SSW 8 mph"
2014_17_SD_KC,Dry,"Temp: 31° F, Humidity: 63%, Wind: South Southwest 7 mph"
2014_17_STL_SEA,Dry,"Cloudy Temp: 43° F, Humidity: 81%, Wind: SE 5 mph"
2014_18_ARI_CAR,Rain,"Rain Temp: 51° F, Humidity: 82%, Wind: NE 6 mph"
2014_18_BAL_PIT,Dry,"Cloudy Temp: 48° F, Humidity: 80%, Wind: From S 10 mph"
2014_19_BAL_NE,Dry,"Clear, windy and cold Temp: 20° F, Humidity: 30%, Wind: West 12 mph"
2014_19_CAR_SEA,Dry,"Cloudy Temp: 48° F, Humidity: 89%, Wind: 0 mph"
2014_19_DAL_GB,Dry,"Cloudy Temp: 24° F, Humidity: 62%, Wind: 0 mph"
2014_19_IND_DEN,Dry,"Cloudy Temp: 40° F, Humidity: 71%, Wind: N 7 mph"
2014_20_GB_SEA,Rain,"Rain Temp: 52° F, Humidity: 70%, Wind: SSW 15 mph"
2014_20_IND_NE,Maybe,"Cloudy with rain likely Temp: 51° F, Humidity: 71%, Wind: SSE 15 with gusts to 25 mph"
2025_01_BAL_BUF,Dry,"Partly cloudy Temp: 58° F, Humidity: 61%, Wind: SW 8 mph"
2025_01_CAR_JAX,Dry,"Temp: 85° F, Humidity: 71%, Wind: SW 3 mph"
2025_01_CIN_CLE,Dry,"Sunny Temp: 63° F, Humidity: 49%, Wind: NW 10 mph"
2025_01_DAL_PHI,Rain,"Rain Temp: 75° F, Humidity: 66%, Wind: S 11 mph"
2025_01_DET_GB,Dry,"Cloudy Temp: 60° F, Humidity: 76%, Wind: NW 5 mph"
2025_01_LV_NE,Rain,"Rain Temp: 64° F, Humidity: 86%, Wind: NE 4 mph"
2025_01_MIN_CHI,Dry,"Clear Temp: 68° F, Humidity: 38%, Wind: SE 6 mph"
2025_01_NYG_WAS,Dry,"Temp: 68° F, Humidity: 68%, Wind: NW 5 mph"
2025_01_PIT_NYJ,Maybe,"Cloudy with more rain possible Temp: 67° F, Humidity: 79%, Wind: W 3 mph"
2025_01_SF_SEA,Dry,"Cloudy Temp: 67° F, Humidity: 83%, Wind: S 6 mph"
2025_01_TEN_DEN,Dry,"Mostly Sunny Temp: 84° F, Humidity: 24%, Wind: NE 6 mph"
2025_02_BUF_NYJ,Dry,"Beautiful. 80 and Sunny Temp: 80° F, Humidity: 49%, Wind: NE 3 mph"
2025_02_CLE_BAL,Dry,"Clear Temp: 82° F, Humidity: 49%, Wind: SE 3 mph"
2025_02_JAX_CIN,Dry,"Partly Sunny Temp: 84° F, Humidity: 49%, Wind: SE 6 mph"
2025_02_LA_TEN,Dry,"Cloudy Temp: 83° F, Humidity: 46%, Wind: S 3 mph"
2025_02_NE_MIA,Dry,"Partly Cloudy Temp: 89° F, Humidity: 56%, Wind: NW 4 mph"
2025_02_PHI_KC,Dry,"Temp: 88° F, Humidity: 46%, Wind: S 12 mph"
2025_02_SEA_PIT,Dry,"Sunny Temp: 79° F, Humidity: 46%, Wind: NE 5 mph"
2025_02_WAS_GB,Dry,"Cloudy Temp: 64° F, Humidity: 78%, Wind: NE 7 mph"
2025_03_ARI_SF,Dry,"Sunny Temp: 72° F, Humidity: 65%, Wind: SE 7 mph"
2025_03_ATL_CAR,Dry,"Sunny Temp: 84° F, Humidity: 48%, Wind: NE 6 mph"
2025_03_DAL_CHI,Dry,"Mostly Sunny Temp: 82° F, Humidity: 48%, Wind: SW 4 mph"
2025_03_DET_BAL,Dry,"Clear Temp: 73° F, Humidity: 67%, Wind: SE 4 mph"
2025_03_GB_CLE,Dry,"Cloudy Temp: 79° F, Humidity: 53%, Wind: S 10 mph"
2025_03_HOU_JAX,Dry,"Temp: 85° F, Humidity: 76%, Wind: NE 12 mph"
2025_03_IND_TEN,Dry,"Cloudy Temp: 84° F, Humidity: 49%, Wind: SW 7 mph"
2025_03_KC_NYG,Dry,"Fair Temp: 65° F, Humidity: 56%, Wind: S 5 mph"
2025_03_LA_PHI,Dry,"Sunny Temp: 73° F, Humidity: 47%, Wind: E 9 mph"
2025_03_LV_WAS,Dry,"Temp: 72° F, Humidity: 72%, Wind: E 6 mph"
2025_03_MIA_BUF,Dry,"Partly cloudy Temp: 68° F, Humidity: 71%, Wind: SW 7 mph"
2025_03_NO_SEA,Dry,"Cloudy Temp: 63° F, Humidity: 84%, Wind: SE 3 mph"
2025_03_NYJ_TB,Dry,"Cloudy Temp: 88° F, Humidity: 55%, Wind: NE 5 mph"
2025_03_PIT_NE,Dry,"Cloudy Temp: 66° F, Humidity: 54%, Wind: W 5 mph"
2025_04_BAL_KC,Dry,"Temp: 89° F, Humidity: 38%, Wind: SW 10 mph"
2025_04_CAR_NE,Dry,"Sunny Temp: 76° F, Humidity: 70%, Wind: NE 7 mph"
2025_04_CIN_DEN,Dry,"Partly Cloudy Temp: 65° F, Humidity: 54%, Wind: S 9 mph"
2025_04_JAX_SF,Dry,"Cloudy Temp: 72° F, Humidity: 72%, Wind: N 7 mph"
2025_04_LAC_NYG,Dry,"Fair Temp: 81° F, Humidity: 53%, Wind: W mph"
2025_04_MIN_PIT,Dry,"Mostly Cloudy Temp: 61° F, Humidity: 70%, Wind: W 5 mph"
2025_04_NO_BUF,Dry,"Sunny Temp: 73° F, Humidity: 56%, Wind: NW 7 mph"
2025_04_NYJ_MIA,Dry,"Partly Cloudy Temp: 86° F, Humidity: 63%, Wind: NW 1 mph"
2025_04_PHI_TB,Dry,"Cloudy Temp: 88° F, Humidity: 61%, Wind: N 6 mph"
2025_05_DAL_NYJ,Dry,"Sunny and Warm Temp: 82° F, Humidity: 46%, Wind: S 3 mph"
2025_05_DEN_PHI,Dry,"Sunny Temp: 80° F, Humidity: 43%, Wind: SW 6 mph"
2025_05_DET_CIN,Dry,"Mostly Sunny Temp: 84° F, Humidity: 39%, Wind: SW 7 mph"
2025_05_HOU_BAL,Dry,"Temp: 78° F, Humidity: 45%, Wind: S 2 mph"
2025_05_KC_JAX,Dry,"Temp: 80° F, Humidity: 79%, Wind: E 12 mph"
2025_05_MIA_CAR,Dry,"Mostly Cloudy Temp: 77° F, Humidity: 57%, Wind: E 8 mph"
2025_05_MIN_CLE,Dry,"Cloudy Temp: 61° F, Humidity: 48%, Wind: NW 14 mph"
2025_05_NE_BUF,Dry,"Clear Temp: 66° F, Humidity: 58%, Wind: S 3 mph"
2025_05_TB_SEA,Dry,"Sunny Temp: 61° F, Humidity: 73%, Wind: N 8 mph"
2025_06_CHI_WAS,Dry,"Temp: 59° F, Humidity: 82%, Wind: N 12 mph"
2025_06_CIN_GB,Dry,"Sunny Temp: 64° F, Humidity: 56%, Wind: SE 14 mph"
2025_06_CLE_PIT,Dry,"Cloudy Temp: 64° F, Humidity: 77%, Wind: E 8 mph"
2025_06_DAL_CAR,Dry,"Cloudy Temp: 68° F, Humidity: 71%, Wind: N 15 mph"
2025_06_DEN_NYJ,Dry,"Mostly Sunny Temp: 59° F, Humidity: 69%, Wind: NE 6 mph"
2025_06_DET_KC,Dry,"Temp: 85° F, Humidity: 37%, Wind: S 13 mph"
2025_06_LAC_MIA,Dry,"Partly Cloudy Temp: 85° F, Humidity: 62%, Wind: N 4 mph"
2025_06_LA_BAL,Dry,"Cloudy Temp: 64° F, Humidity: 66%, Wind: NE 15 mph"
2025_06_PHI_NYG,Dry,"Fair Temp: 53° F, Humidity: 31%, Wind: N 3 mph"
2025_06_SEA_JAX,Dry,"Temp: 76° F, Humidity: 59%, Wind: NW 8 mph"
2025_06_SF_TB,Dry,"Clear Temp: 82° F, Humidity: 49%, Wind: NW 10 mph"
2025_07_ATL_SF,Dry,"Sunny Temp: 74° F, Humidity: 49%, Wind: SE 5 mph"
2025_07_CAR_NYJ,Dry,"Mostly Sunny and Mild Temp: 71° F, Humidity: 70%, Wind: SE 13 mph"
2025_07_HOU_SEA,Dry,"Cloudy Temp: 56° F, Humidity: 54%, Wind: SE 5 mph"
2025_07_LA_JAX,Rain,"Rain Temp: 59° F, Humidity: 95%, Wind: SE 9 mph"
2025_07_LV_KC,Dry,"Temp: 57° F, Humidity: 41%, Wind: NW 9 mph"
2025_07_MIA_CLE,Rain,"Rain Temp: 65° F, Humidity: 85%, Wind: S 17 mph"
2025_07_NE_TEN,Dry,"Cloudy Temp: 60° F, Humidity: 78%, Wind: NW 18 mph"
2025_07_NO_CHI,Dry,"Temp: 49° F, Humidity: 87%, Wind: NW 8 mph"
2025_07_NYG_DEN,Dry,"Partly Cloudy Temp: 72° F, Humidity: 17%, Wind: N 3 mph"
2025_07_PIT_CIN,Dry,"Clear and Cool Temp: 60° F, Humidity: 51%, Wind: E 5 mph"
2025_08_BUF_CAR,Dry,"Mostly Cloudy Temp: 63° F, Humidity: 36%, Wind: NE 9 mph"
2025_08_CHI_BAL,Dry,"Clear Temp: 60° F, Humidity: 38%, Wind: NE 2 mph"
2025_08_CLE_NE,Dry,"Sunny Temp: 53° F, Humidity: 52%, Wind: SE 7 mph"
2025_08_DAL_DEN,Dry,"Cloudy Temp: 67° F, Humidity: 25%, Wind: N 4 mph"
2025_08_GB_PIT,Dry,"Clear Temp: 46° F, Humidity: 56%, Wind: NE 5 mph"
2025_08_NYG_PHI,Dry,"Sunny Temp: 60° F, Humidity: 41%, Wind: N 4 mph"
2025_08_NYJ_CIN,Dry,"Cloudy Temp: 57° F, Humidity: 48%, Wind: NE 8 mph"
2025_08_WAS_KC,Dry,"Temp: 54° F, Humidity: 94%, Wind: NE 8 mph"
2025_09_ATL_NE,Dry,"Sunny Temp: 52° F, Humidity: 51%, Wind: SE 7 mph"
2025_09_BAL_MIA,Dry,"Clear Temp: 73° F, Humidity: 57%, Wind: NW 5 mph"
2025_09_CAR_GB,Dry,"Cloudy Temp: 47° F, Humidity: 53%, Wind: SW 15 mph"
2025_09_CHI_CIN,Dry,"Cloudy Temp: 50° F, Humidity: 74%, Wind: NE 6 mph"
2025_09_IND_PIT,Dry,"Cloudy Temp: 56° F, Humidity: 66%, Wind: SE 2 mph"
2025_09_KC_BUF,Dry,"Fair Temp: 54° F, Humidity: 55%, Wind: SW 6 mph"
2025_09_LAC_TEN,Dry,"Cloudy Temp: 46° F, Humidity: 84%, Wind: N 5 mph"
2025_09_SEA_WAS,Dry,"Temp: 52° F, Humidity: 70%, Wind: E 3 mph"
2025_09_SF_NYG,Dry,"Fair Temp: 56° F, Humidity: 47%, Wind: SW 5 mph"
2025_10_ARI_SEA,Dry,"Cloudy Temp: 59° F, Humidity: 72%, Wind: SW 5 mph"
2025_10_BUF_MIA,Dry,"Partly Cloudy Temp: 84° F, Humidity: 68%, Wind: SE 6 mph"
2025_10_CLE_NYJ,Maybe,"Cloudy, chance of rain, mild Temp: 62° F, Humidity: 78%, Wind: SE 12 mph"
2025_10_DET_WAS,Dry,"Temp: 65° F, Humidity: 79%, Wind: SE 7 mph"
2025_10_LA_SF,Dry,"Sunny Temp: 77° F, Humidity: 49%, Wind: SE 3 mph"
2025_10_LV_DEN,Dry,"Partly Cloudy Temp: 60° F, Humidity: 26%, Wind: W 10 mph"
2025_10_NE_TB,Dry,"Cloudy Temp: 82° F, Humidity: 74%, Wind: S 11 mph"
2025_10_NO_CAR,Dry,"Partly Cloudy Temp: 73° F, Humidity: 52%, Wind: SW 15 mph"
2025_10_NYG_CHI,Snow,"Light Snow Temp: 33° F, Humidity: 68%, Wind: NW 10 mph"
2025_10_PHI_GB,Dry,"Cloudy Temp: 33° F, Humidity: 55%, Wind: NW 9 mph"
2025_11_BAL_CLE,Dry,"Cloudy Temp: 44° F, Humidity: 53%, Wind: NW 20 mph"
2025_11_CIN_PIT,Dry,"Partly Cloudy Temp: 46° F, Humidity: 50%, Wind: NW 17 mph"
2025_11_DET_PHI,Dry,"Clear Temp: 45° F, Humidity: 43%, Wind: NW 15 mph"
2025_11_GB_NYG,Dry,"Mostly Cloudy Temp: 55° F, Humidity: 31%, Wind: W 17 mph"
2025_11_HOU_TEN,Dry,"Sunny Temp: 64° F, Humidity: 26%, Wind: N 8 mph"
2025_11_KC_DEN,Dry,"Sunny Temp: 70° F, Humidity: 23%, Wind: N 6 mph"
2025_11_LAC_JAX,Dry,"Temp: 74° F, Humidity: 50%, Wind: NW 9 mph"
2025_11_NYJ_NE,Dry,"Clear Temp: 39° F, Humidity: 76%, Wind: SE 9 mph"
2025_11_TB_BUF,Dry,"Cloudy & windy Temp: 38° F, Humidity: 50%, Wind: NW 20 mph"
2025_11_WAS_MIA,Dry,
2025_12_CAR_SF,Dry,"Sunny Temp: 58° F, Humidity: 78%, Wind: SE 3 mph"
2025_12_IND_KC,Dry,"Temp: 46° F, Humidity: 93%, Wind: SW 5 mph"
2025_12_MIN_GB,Dry,"Cloudy Temp: 43° F, Humidity: 60%, Wind: W 10 mph"
2025_12_NE_CIN,Dry,"Sunny Temp: 54° F, Humidity: 61%, Wind: NW 7 mph"
2025_12_NYJ_BAL,Dry,"Cloudy Temp: 54° F, Humidity: 69%, Wind: SW 3 mph"
2025_12_PIT_CHI,Dry,"Sunny Temp: 51° F, Humidity: 58%, Wind: NW 3 mph"
2025_12_SEA_TEN,Dry,"Sunny Temp: 55° F, Humidity: 64%, Wind: N 1 mph"
2025_13_ARI_TB,Dry,"Clear Temp: 80° F, Humidity: 56%, Wind: E 8 mph"
2025_13_ATL_NYJ,Light rain,"Cold misty rain Temp: 43° F, Humidity: 79%, Wind: SW 8 mph"
2025_13_BUF_PIT,Dry,"Cloudy Temp: 34° F, Humidity: 68%, Wind: W 16 mph"
2025_13_CHI_PHI,Dry,"Sunny Temp: 42° F, Humidity: 35%, Wind: W 18 mph"
2025_13_CIN_BAL,Dry,"Clear Temp: 38° F, Humidity: 44%, Wind: NW 11 mph"
2025_13_DEN_WAS,Dry,"Clear Temp: 40° F, Humidity: 77%, Wind: SW 13 mph"
2025_13_JAX_TEN,Dry,"Cloudy Temp: 38° F, Humidity: 79%, Wind: NW 7 mph"
2025_13_LA_CAR,Dry,"Cloudy Temp: 45° F, Humidity: 57%, Wind: W 3 mph"
2025_13_MIN_SEA,Dry,"Sunny Temp: 45° F, Humidity: 75%, Wind: N 2 mph"
2025_13_NO_MIA,Dry,"Cloudy Temp: 76° F, Humidity: 87%, Wind: E 10 mph"
2025_13_NYG_NE,Dry,"Mostly Clear Temp: 30° F, Humidity: 60%, Wind: S 4 mph"
2025_13_SF_CLE,Dry,"Cloudy Temp: 35° F, Humidity: 73%, Wind: SW 20 mph"
2025_14_CHI_GB,Dry,"Sunny Temp: 16° F, Humidity: 55%, Wind: W 9 mph"
2025_14_CIN_BUF,Snow,"Snow Temp: 31° F, Humidity: 86%, Wind: W 12 mph"
2025_14_HOU_KC,Dry,"Temp: 27° F, Humidity: 80%, Wind: North 8 mph"
2025_14_IND_JAX,Dry,"Temp: 61° F, Humidity: 98%, Wind: NE 7 mph"
2025_14_MIA_NYJ,Dry,"Cloudy and Cold Temp: 41° F, Humidity: 58%, Wind: SW 6 mph"
2025_14_NO_TB,Dry,"Cloudy Temp: 73° F, Humidity: 88%, Wind: E 6 mph"
2025_14_PIT_BAL,Dry,"Cloudy Temp: 44° F, Humidity: 51%, Wind: SW 6 mph"
2025_14_TEN_CLE,Dry,"Cloudy Temp: 33° F, Humidity: 86%, Wind: W 6 mph"
2025_15_ATL_TB,Dry,"Clear Temp: 56° F, Humidity: 68%, Wind: NW 5 mph"
2025_15_BAL_CIN,Dry,"Sunny Temp: 10° F, Humidity: 63%, Wind: NW 7 mph"
2025_15_BUF_NE,Snow,"Snow Flurries Temp: 32° F, Humidity: 86%, Wind: SE 6 mph"
2025_15_CLE_CHI,Dry,"Sunny Temp: 8° F, Humidity: 62%, Wind: NW 6 mph"
2025_15_GB_DEN,Dry,"Partly Cloudy Temp: 65° F, Humidity: 16%, Wind: NW 3 mph"
2025_15_IND_SEA,Dry,"Cloudy Temp: 51° F, Humidity: 87%, Wind: S 9 mph"
2025_15_LAC_KC,Dry,"Temp: 15° F, Humidity: 44%, Wind: N 3 mph"
2025_15_LV_PHI,Dry,"Sunny Temp: 30° F, Humidity: 56%, Wind: NW 20 mph"
2025_15_MIA_PIT,Dry,"Cloudy Temp: 17° F, Humidity: 71%, Wind: S 7 mph"
2025_15_NYJ_JAX,Dry,"Temp: 70° F, Humidity: 60%, Wind: NW 11 mph"
2025_15_TEN_SF,Dry,"Cloudy Temp: 54° F, Humidity: 82%, Wind: SE 4 mph"
2025_15_WAS_NYG,Dry,"Overcast Temp: 27° F, Humidity: 69%, Wind: NW 13 mph"
2025_16_BUF_CLE,Dry,"Sunny Temp: 25° F, Humidity: 68%, Wind: NW 16 mph"
2025_16_CIN_MIA,Dry,"Partly Cloudy Temp: 81° F, Humidity: 64%, Wind: E 7 mph"
2025_16_GB_CHI,Dry,"Clear Temp: 37° F, Humidity: 48%, Wind: SW 6 mph"
2025_16_JAX_DEN,Dry,"Partly Cloudy Temp: 62° F, Humidity: 26%, Wind: NW 3 mph"
2025_16_KC_TEN,Dry,"Sunny Temp: 51° F, Humidity: 27%, Wind: NE 8 mph"
2025_16_LA_SEA,Rain,"Rain Temp: 51° F, Humidity: 91%, Wind: SW 17 mph"
2025_16_MIN_NYG,Dry,"Fair Temp: 46° F, Humidity: 37%, Wind: NW 20 mph"
2025_16_NE_BAL,Dry,"Clear Temp: 40° F, Humidity: 36%, Wind: NW 2 mph"
2025_16_PHI_WAS,Dry,"Clear Temp: 42° F, Humidity: 49%, Wind: SE 7 mph"
2025_16_TB_CAR,Dry,"Partly Cloudy Temp: 61° F, Humidity: 28%, Wind: N 8 mph"
2025_17_ARI_CIN,Dry,"Overcast Temp: 65° F, Humidity: 87%, Wind: SW 9 mph"
2025_17_BAL_GB,Dry,"Cloudy Temp: 36° F, Humidity: 95%, Wind: SE 10 mph"
2025_17_CHI_SF,Dry,"Sunny Temp: 53° F, Humidity: 65%, Wind: SE 5 mph"
2025_17_DAL_WAS,Dry,"Sunny Temp: 50° F, Humidity: 53%, Wind: E 7 mph"
2025_17_DEN_KC,Dry,"Temp: 57° F, Humidity: 99%, Wind: East 3 mph"
2025_17_NE_NYJ,Dry,"Cloudy and Cold Temp: 29° F, Humidity: 81%, Wind: SW 4 mph"
2025_17_NO_TEN,Dry,"Cloudy Temp: 71° F, Humidity: 71%, Wind: SW 14 mph"
2025_17_PHI_BUF,Rain,"Rain Temp: 38° F, Humidity: 94%, Wind: S 6 mph"
2025_17_PIT_CLE,Rain,"Rain Temp: 45° F, Humidity: 95%, Wind: S 14 mph"
2025_17_SEA_CAR,Dry,"Cloudy Temp: 43° F, Humidity: 94%, Wind: E 2 mph"
2025_17_TB_MIA,Dry,"Sunny Temp: 80° F, Humidity: 51%, Wind: E 3 mph"
2025_18_BAL_PIT,Dry,"Cloudy Temp: 25° F, Humidity: 81%, Wind: W 3 mph"
2025_18_CAR_TB,Rain,"Rain Temp: 69° F, Humidity: 85%, Wind: W 11 mph"
2025_18_CLE_CIN,Dry,"Sunny Temp: 37° F, Humidity: 56%, Wind: NE 0 mph"
2025_18_DAL_NYG,Dry,"Fair Temp: 33° F, Humidity: 52%, Wind: NW 7 mph"
2025_18_DET_CHI,Dry,"Mostly Cloudy Temp: 33° F, Humidity: 70%, Wind: SE 4 mph"
2025_18_LAC_DEN,Dry,"Sunny Temp: 69° F, Humidity: 7%, Wind: SE 16 mph"
2025_18_MIA_NE,Dry,"Partly Cloudy Temp: 29° F, Humidity: 56%, Wind: SE 6 mph"
2025_18_NYJ_BUF,Dry,"Cloudy Temp: 27° F, Humidity: 75%, Wind: W 13 mph"
2025_18_SEA_SF,Dry,"Cloudy Temp: 57° F, Humidity: 81%, Wind: N 8 mph"
2025_18_TEN_JAX,Dry,"Temp: 58° F, Humidity: 76%, Wind: NE 7 mph"
2025_18_WAS_PHI,Dry,"Clear Temp: 35° F, Humidity: 47%, Wind: NW 9 mph"
2025_19_BUF_JAX,Dry,"Temp: 62° F, Humidity: 80%, Wind: NW 6 mph"
2025_19_GB_CHI,Dry,"Mostly Cloudy Temp: 32° F, Humidity: 80%, Wind: W 6 mph"
2025_19_HOU_PIT,Dry,"Clear Temp: 32° F, Humidity: 65%, Wind: SW 9 mph"
2025_19_LAC_NE,Dry,"Clear Temp: 35° F, Humidity: 69%, Wind: SE 10 mph"
2025_19_LA_CAR,Dry,"Mostly Cloudy Temp: 72° F, Humidity: 61%, Wind: SW 16 mph"
2025_19_SF_PHI,Dry,"Cloudy Temp: 46° F, Humidity: 44%, Wind: NW 22 mph"
2025_20_BUF_DEN,Dry,"Sunny Temp: 36° F, Humidity: 21%, Wind: NE 5 mph"
2025_20_HOU_NE,Dry,"Wintry Mix Temp: 35° F, Humidity: 88%, Wind: S 2 mph"
2025_20_LA_CHI,Snow,"Light Snow Temp: 19° F, Humidity: 65%, Wind: SW 6 mph"
2025_20_SF_SEA,Dry,"Clear Temp: 46° F, Humidity: 72%, Wind: N 5 mph"
2025_21_LA_SEA,Dry,"Sunny Temp: 41° F, Humidity: 67%, Wind: W 2 mph"
2025_21_NE_DEN,Dry,"Cloudy Temp: 26° F, Humidity: 38%, Wind: N 10 mph"
2025_22_SEA_NE,Dry,"Temp: 67° F, Humidity: 50%, Wind: NW 7 mph"
2017_01_ATL_CHI,Dry,"Sunny Temp: 64° F, Humidity: 57%, Wind: SE 10 mph"
2017_01_BAL_CIN,Dry,"Sunny Temp: 68° F, Humidity: 43%, Wind: SE 9 mph"
2017_01_CAR_SF,Dry,"Clear Temp: 87° F, Humidity: 43%, Wind: Northwest 8 mph"
2017_01_IND_LA,Dry,"Sunny Temp: 90° F, Humidity: 38%, Wind: SW 2 mph"
2017_01_JAX_HOU,Dry,"Sunny Temp: 80° F, Humidity: 49%, Wind: NNE 10 mph"
2017_01_KC_NE,Dry,"Clear and warm Temp: 63° F, Humidity: 77%, Wind: SW 8 mph"
2017_01_LAC_DEN,Dry,"Mostly Cloudy Temp: 73° F, Humidity: 39%, Wind: SouthWest 12 mph"
2017_01_NYJ_BUF,Dry,"Sun & clouds Temp: 65° F, Humidity: 53%, Wind: NNE 6 mph"
2017_01_OAK_TEN,Dry,"Sunny Temp: 72° F, Humidity: 50%, Wind: NE 7 mph"
2017_01_PHI_WAS,Dry,"Sunny Temp: 67° F, Humidity: 54%, Wind: North 5 mph"
2017_01_PIT_CLE,Dry,"Sunny Temp: 63° F, Humidity: 53%, Wind: East 11 mph"
2017_01_SEA_GB,Dry,"Mostly Sunny Temp: 71° F, Humidity: 49%, Wind: S 11 mph"
2017_02_BUF_CAR,Dry,"Sunny Temp: 83° F, Humidity: 60%, Wind: North 5 mph"
2017_02_CHI_TB,Dry,"Clear Temp: 88° F, Humidity: 62%, Wind: NE 7 mph"
2017_02_CLE_BAL,Dry,"Mostly Cloudy Temp: 80° F, Humidity: 69%, Wind: ESE 2 mph"
2017_02_DAL_DEN,Dry,"Partly Cloudy Temp: 72° F, Humidity: 41%, Wind: SouthWest 5 mph"
2017_02_DET_NYG,Dry,"Cloudy Temp: 72° F, Humidity: 80%, Wind: ENE 5 mph"
2017_02_GB_ATL,Dry,"Clear Temp: 78° F, Humidity: 72%, Wind: NW 4 mph"
2017_02_HOU_CIN,Dry,"Mostly Coudy Temp: 69° F, Humidity: 78%, Wind: ENE 2 mph"
2017_02_MIA_LAC,Dry,"Cloudy Temp: 71° F, Humidity: 68%, Wind: W 7 mph"
2017_02_MIN_PIT,Dry,"Sunny Temp: 78° F, Humidity: 64%, Wind: From S 1 mph"
2017_02_NYJ_OAK,Dry,"Sunny Temp: 70° F, Humidity: 57%, Wind: South 6 mph"
2017_02_PHI_KC,Dry,"Cloudy Temp: 68° F, Humidity: 95%, Wind: Northeast 7 mph"
2017_02_SF_SEA,Dry,"Mostly Cloudy Temp: 65° F, Humidity: 60%, Wind: S 12 mph"
2017_02_TEN_JAX,Dry,"Partly Cloudy Temp: 84° F, Humidity: 59%, Wind: NW 10 mph"
2017_02_WAS_LA,Dry,"Cloudy Temp: 76° F, Humidity: 59%, Wind: SW 3 mph"
2017_03_BAL_JAX,Dry,"Temp: 70° F, Humidity: 51%, Wind: SE 10 mph"
2017_03_CIN_GB,Dry,"Sunny Temp: 89° F, Humidity: 44%, Wind: S 8 mph"
2017_03_DEN_BUF,Dry,"Sunny Temp: 83° F, Humidity: 56%, Wind: W 5 mph"
2017_03_HOU_NE,Dry,"Sunny Temp: 84° F, Humidity: 53%, Wind: NE 4 mph"
2017_03_KC_LAC,Dry,"Sunny Temp: 84° F, Humidity: 25%, Wind: W 5 mph"
2017_03_LA_SF,Dry,"Mostly Sunny Temp: 68° F, Humidity: 42%, Wind: West-Southwest 13 mph"
2017_03_MIA_NYJ,Dry,"Sunny Temp: 88° F, Humidity: 41%, Wind: NE 5 mph"
2017_03_NO_CAR,Dry,"Sunny Temp: 82° F, Humidity: 59%, Wind: NNE 6 mph"
2017_03_NYG_PHI,Dry,"Sunny Temp: 89° F, Humidity: 48%, Wind: NNE 6 mph"
2017_03_OAK_WAS,Dry,"Clear Temp: 76° F, Humidity: 75%, Wind: 0 mph"
2017_03_PIT_CHI,Dry,"Sunny, highs to upper 80's Temp: 89° F, Humidity: 48%, Wind: S 5 mph"
2017_03_SEA_TEN,Dry,"Sunny Temp: 88° F, Humidity: 97%, Wind: E 4 mph"
2017_04_CAR_NE,Dry,"Sunny Temp: 61° F, Humidity: 43%, Wind: N 6 mph"
2017_04_CHI_GB,Dry,"Cloudy Temp: 65° F, Humidity: 62%, Wind: SW 5 mph"
2017_04_CIN_CLE,Dry,"Sunny Temp: 63° F, Humidity: 37%, Wind: SE 6 mph"
2017_04_IND_SEA,Dry,"Clear Temp: 61° F, Humidity: 54%, Wind: NNW 8 mph"
2017_04_JAX_NYJ,Dry,"Sunny Temp: 64° F, Humidity: 44%, Wind: NNE 5 mph"
2017_04_NO_MIA,Dry,"Temp: 63° F, Humidity: 64%, Wind: 13 SSW mph"
2017_04_NYG_TB,Dry,"Cloudy Temp: 91° F, Humidity: 51%, Wind: E 8 mph"
2017_04_OAK_DEN,Dry,"Mostly Cloudy Temp: 72° F, Humidity: 26%, Wind: E 7 mph"
2017_04_PHI_LAC,Dry,"Sunny Temp: 72° F, Humidity: 70%, Wind: S 6 mph"
2017_04_PIT_BAL,Dry,"Sunny Temp: 64° F, Humidity: 52%, Wind: North 6 mph"
2017_04_TEN_HOU,Dry,"Sunny Temp: 87° F, Humidity: 53%, Wind: N 3 mph"
2017_04_WAS_KC,Dry,"Clear Temp: 82° F, Humidity: 55%, Wind: South Southeast 14 mph"
2017_05_ARI_PHI,Rain,"Showers Temp: 77° F, Humidity: 91%, Wind: SSW 10 mph"
2017_05_BAL_OAK,Dry,"Sunny Temp: 72° F, Humidity: 42%, Wind: WNW 8 mph"
2017_05_BUF_CIN,Light rain,"Light Rain Temp: 63° F, Humidity: 90%, Wind: SSE 10 mph"
2017_05_JAX_PIT,Dry,"Cloudy Temp: 73° F, Humidity: 80%, Wind: From SW 9 mph"
2017_05_LAC_NYG,Dry,"Cloudy Temp: 76° F, Humidity: 90%, Wind: WSW 7 mph"
2017_05_MIN_CHI,Dry,"Partly cloudy Temp: 70° F, Humidity: 69%, Wind: NE 10 mph"
2017_05_NE_TB,Dry,"Clear Temp: 76° F, Humidity: 94%, Wind: E 9 mph"
2017_05_NYJ_CLE,Dry,"Cloudy Temp: 67° F, Humidity: 71%, Wind: West 8 mph"
2017_05_SEA_LA,Dry,"Sunny Temp: 78° F, Humidity: 50%, Wind: 0 mph"
2017_05_TEN_MIA,Dry,"Partly Cloudy Temp: 89° F, Humidity: 67%, Wind: ESE 9 mph"
2017_06_CHI_BAL,Dry,"Partly Sunny Temp: 69° F, Humidity: 87%, Wind: s 7 mph"
2017_06_IND_TEN,Dry,"Clear Temp: 57° F, Humidity: 55%, Wind: NE 7 mph"
2017_06_LAC_OAK,Dry,"Sunny Temp: 76° F, Humidity: 25%, Wind: NNE 9 mph"
2017_06_LA_JAX,Maybe,"30% Chance of Rain Temp: 88° F, Humidity: 68%, Wind: NE 10 mph"
2017_06_NE_NYJ,Dry,"Cloudy Temp: 73° F, Humidity: 70%, Wind: WNW 13 mph"
2017_06_NYG_DEN,Dry,"Clear Temp: 61° F, Humidity: 17%, Wind: NorthEast 4 mph"
2017_06_PHI_CAR,Dry,"Cloudy Temp: 72° F, Humidity: 88%, Wind: ENE 6 mph"
2017_06_PIT_KC,Dry,"Sunny Temp: 60° F, Humidity: 56%, Wind: Northwest 14 mph"
2017_06_SF_WAS,Dry,"Cloudy Temp: 68° F, Humidity: 85%, Wind: South 4 mph"
2017_07_ARI_LA,Rain,"Rain Temp: 54° F, Humidity: 72%, Wind: W 10 mph"
2017_07_ATL_NE,Dry,"Cloudy, fog started developing in 2nd quarter Temp: 56° F, Humidity: 88%, Wind: NE 2 mph"
2017_07_CAR_CHI,Maybe,"Cloudy with periods of rain, thunder possible. Winds shifting to WNW, 10-20 mph. Temp: 70° F, Humidity: 71%, Wind: S 15 mph"
2017_07_CIN_PIT,Dry,"Sunny Temp: 79° F, Humidity: 37%, Wind: From S 6 mph"
2017_07_DAL_SF,Dry,"Sunny Temp: 68° F, Humidity: 60%, Wind: NW 10 mph"
2017_07_DEN_LAC,Dry,"Sunny Temp: 90° F, Humidity: 15%, Wind: W 4 mph"
2017_07_KC_OAK,Dry,"Cloudy Temp: 62° F, Humidity: 78%, Wind: SW 1 mph"
2017_07_NO_GB,Rain,"Rain Temp: 52° F, Humidity: 100%, Wind: W 10 mph"
2017_07_NYJ_MIA,Dry,"Partly Cloudy Temp: 86° F, Humidity: 67%, Wind: ESE 18 mph"
2017_07_SEA_NYG,Dry,"Partly Cloudy Temp: 75° F, Humidity: 29%, Wind: SSE 7 mph"
2017_07_TB_BUF,Dry,"Sunny Temp: 74° F, Humidity: 45%, Wind: s 9 mph"
2017_07_TEN_CLE,Dry,"Sunny Temp: 74° F, Humidity: 56%, Wind: South 12 mph"
2017_07_WAS_PHI,Dry,"Cloudy Temp: 70° F, Humidity: 78%, Wind: SSE 9 mph"
2017_08_ATL_NYJ,Rain,"Rain Temp: 63° F, Humidity: 93%, Wind: East 5 mph"
2017_08_CAR_TB,Dry,"Cloudy Temp: 63° F, Humidity: 63%, Wind: NNW 13 mph"
2017_08_DAL_WAS,Rain,"Rain Temp: 60° F, Humidity: 93%, Wind: ESE 4 mph"
2017_08_DEN_KC,Dry,"Clear Temp: 44° F, Humidity: 41%, Wind: Northwest 12 mph"
2017_08_HOU_SEA,Dry,"Cloudy Temp: 50° F, Humidity: 90%, Wind: ENE 2 mph"
2017_08_IND_CIN,Dry,"Cloudy Temp: 39° F, Humidity: 68%, Wind: NNW 9 mph"
2017_08_LAC_NE,Rain,"Rain Temp: 62° F, Humidity: 84%, Wind: SE 8 mph"
2017_08_MIA_BAL,Dry,"Partly Cloudy Temp: 56° F, Humidity: 49%, Wind: West 9 mph"
2017_08_MIN_CLE,Dry,"Partly Cloudy Temp: 56° F, Humidity: 56%, Wind: N 11 mph"
2017_08_OAK_BUF,Rain,"Rain Temp: 42° F, Humidity: 94%, Wind: NE 7 mph"
2017_08_SF_PHI,Rain,"Rain Temp: 67° F, Humidity: 91%, Wind: SE 12 mph"
2017_09_ARI_SF,Dry,"Sunny Temp: 61° F, Humidity: 48%, Wind: NW 8 mph"
2017_09_ATL_CAR,Dry,"Coudy Temp: 61° F, Humidity: 86%, Wind: ENE 4 mph"
2017_09_BAL_TEN,Dry,"Cloudy Temp: 75° F, Humidity: 66%, Wind: WSW 10 mph"
2017_09_BUF_NYJ,Dry,"Clear Temp: 68° F, Humidity: 70%, Wind: South 11 mph"
2017_09_CIN_JAX,Dry,"Temp: 78° F, Humidity: 74%, Wind: NNE 12 mph"
2017_09_DEN_PHI,Dry,"Cloudy Temp: 61° F, Humidity: 89%, Wind: SE 5 mph"
2017_09_DET_GB,Dry,"Cloudy Temp: 35° F, Humidity: 58%, Wind: SW 3 mph"
2017_09_LA_NYG,Dry,"Cloudy Temp: 56° F, Humidity: 92%, Wind: ENE 6 mph"
2017_09_OAK_MIA,Dry,"Temp: 77° F, Humidity: 82%, Wind: N 2 mph"
2017_09_WAS_SEA,Rain,"Rain Temp: 36° F, Humidity: 86%, Wind: NNW 11 mph"
2017_10_CIN_TEN,Dry,"Cloudy Temp: 53° F, Humidity: 88%, Wind: SSW 4 mph"
2017_10_GB_CHI,Maybe,"Rain likely, temps in low 40's. Temp: 39° F, Humidity: 89%, Wind: WSW 6 mph"
2017_10_HOU_LA,Dry,"Cloudy Temp: 68° F, Humidity: 63%, Wind: mph"
2017_10_LAC_JAX,Dry,"Temp: 76° F, Humidity: 75%, Wind: NE 5 mph"
2017_10_MIA_CAR,Dry,"Clear Temp: 49° F, Humidity: 66%, Wind: NNE 6 mph"
2017_10_MIN_WAS,Dry,"Cloudy Temp: 44° F, Humidity: 44%, Wind: South 4 mph"
2017_10_NE_DEN,Dry,"Partly Cloudy Temp: 48° F, Humidity: 40%, Wind: NorthEast 5 mph"
2017_10_NO_BUF,Dry,"Cloudy Temp: 42° F, Humidity: 50%, Wind: WSW 2 mph"
2017_10_NYG_SF,Dry,"Sunny Temp: 68° F, Humidity: 46%, Wind: West 5 mph"
2017_10_NYJ_TB,Dry,"Cloudy Temp: 79° F, Humidity: 69%, Wind: E 16 mph"
2017_10_SEA_ARI,Dry,"Temp: 79° F, Humidity: 32%, Wind: 0 mph"
2017_11_ATL_SEA,Dry,"Cloudy Temp: 45° F, Humidity: 85%, Wind: E 6 mph"
2017_11_BAL_GB,Dry,"Sunny Temp: 28° F, Humidity: 63%, Wind: W-NW 14 mph"
2017_11_BUF_LAC,Dry,"Partly Cloudy Temp: 76° F, Humidity: 24%, Wind: W 6 mph"
2017_11_CIN_DEN,Dry,"Mostly Cloudy Temp: 60° F, Humidity: 10%, Wind: North 7 mph"
2017_11_DET_CHI,Dry,"Partly Cloudy Temp: 33° F, Humidity: 60%, Wind: WNW 16 mph"
2017_11_JAX_CLE,Dry,"Cold Temp: 38° F, Humidity: 68%, Wind: West 16 mph"
2017_11_KC_NYG,Dry,"Mostly Cloudy Temp: 50° F, Humidity: 44%, Wind: WNW 23 mph"
2017_11_NE_OAK,Dry,"Sunny Temp: 66° F, Humidity: 42%, Wind: N 0 mph"
2017_11_TB_MIA,Dry,"Sunny Temp: 81° F, Humidity: 51%, Wind: W 9 mph"
2017_11_TEN_PIT,Dry,"Cloudy Temp: 40° F, Humidity: 67%, Wind: from W 11-17 mph"
2017_12_BUF_KC,Dry,"Partly Cloudy Temp: 62° F, Humidity: 36%, Wind: South Southwest 9 mph"
2017_12_CAR_NYJ,Dry,"Sunny Temp: 47° F, Humidity: 42%, Wind: NW 14-23 mph"
2017_12_CHI_PHI,Dry,"Sunny Temp: 49° F, Humidity: 42%, Wind: NW 17 mph"
2017_12_CLE_CIN,Dry,"Partly Cloudy Temp: 46° F, Humidity: 52%, Wind: E 3 mph"
2017_12_DEN_OAK,Dry,"Cloudy Temp: 61° F, Humidity: 95%, Wind: South 13 MPH mph"
2017_12_GB_PIT,Dry,"Clear Temp: 38° F, Humidity: 47%, Wind: From WSW 7 mph"
2017_12_HOU_BAL,Dry,"Fair Temp: 50° F, Humidity: 60%, Wind: Southeast 1 mph"
2017_12_MIA_NE,Dry,"Partly Cloudy Temp: 47° F, Humidity: 37%, Wind: WNW 17 mph"
2017_12_NO_LA,Dry,"Sunny Temp: 72° F, Humidity: 56%, Wind: North 1 mph"
2017_12_NYG_WAS,Dry,"Clear Temp: 33° F, Humidity: 67%, Wind: 0 mph"
2017_12_SEA_SF,Dry,"cloudy Temp: 66° F, Humidity: 68%, Wind: Southeast 12 mph"
2017_12_TEN_IND,Dry,"Sunny Temp: 47° F, Humidity: 51%, Wind: WSW 10 mph"
2017_13_CLE_LAC,Dry,"Sunny Temp: 68° F, Humidity: 63%, Wind: WSW 7 mph"
2017_13_DEN_MIA,Dry,"Cloudy Temp: 80° F, Humidity: 58%, Wind: NE 11 mph"
2017_13_DET_BAL,Dry,"Partly Sunny Temp: 53° F, Humidity: 70%, Wind: WNW 4 mph"
2017_13_HOU_TEN,Dry,"Sunny Temp: 60° F, Humidity: 39%, Wind: East 4 mph"
2017_13_IND_JAX,Dry,"Temp: 70° F, Humidity: 74%, Wind: NE 7 mph"
2017_13_KC_NYJ,Dry,"Cloudy Temp: 48° F, Humidity: 64%, Wind: 0 mph"
2017_13_NE_BUF,Dry,"Mostly cloudy Temp: 48° F, Humidity: 73%, Wind: WSW 13 mph"
2017_13_NYG_OAK,Dry,"Sunny Temp: 58° F, Humidity: 51%, Wind: West Northwest 11 mph"
2017_13_PHI_SEA,Dry,"Cloudy Temp: 44° F, Humidity: 78%, Wind: NNE 3 mph"
2017_13_PIT_CIN,Maybe,"Cloudy, chance of rain Temp: 61° F, Humidity: 44%, Wind: SSW 9 mph"
2017_13_SF_CHI,Dry,"Sunny Temp: 54° F, Humidity: 44%, Wind: SSW 6 mph"
2017_13_TB_GB,Dry,"Cloudy Temp: 42° F, Humidity: 67%, Wind: SE 8 mph"
2017_14_BAL_PIT,Dry,"Cloudy Temp: 33° F, Humidity: 55%, Wind: From SW 12 mph"
2017_14_CHI_CIN,Dry,"Partly Cloudy Temp: 31° F, Humidity: 64%, Wind: SSW 11 mph"
2017_14_DAL_NYG,Dry,"Fair Temp: 39° F, Humidity: 55%, Wind: West 11 mph"
2017_14_DET_TB,Dry,"Clear Temp: 55° F, Humidity: 44%, Wind: N 9 mph"
2017_14_GB_CLE,Dry,"Cloudy Temp: 29° F, Humidity: 58%, Wind: SW 24 mph"
2017_14_IND_BUF,Snow,"Heavy lake effect snow Temp: 32° F, Humidity: 69%, Wind: W 15 mph"
2017_14_MIN_CAR,Dry,"Sunny Temp: 41° F, Humidity: 49%, Wind: West 5 mph"
2017_14_NE_MIA,Dry,"Clear Temp: 55° F, Humidity: 59%, Wind: NW 7 mph"
2017_14_NYJ_DEN,Dry,"Sunny Temp: 60° F, Humidity: 8%, Wind: North 3 mph"
2017_14_OAK_KC,Dry,"Sunny Temp: 46° F, Humidity: 35%, Wind: W-NW 13 mph"
2017_14_PHI_LA,Dry,"Cloudy Temp: 83° F, Humidity: 8%, Wind: mph"
2017_14_SEA_JAX,Dry,"Temp: 54° F, Wind: NW 5 mph"
2017_14_WAS_LAC,Dry,"Partly Cloudy Temp: 81° F, Humidity: 10%, Wind: NNW 4 mph"
2017_15_ARI_WAS,Dry,"Cloudy Temp: 50° F, Humidity: 47%, Wind: South 1 mph"
2017_15_ATL_TB,Dry,"Clear Temp: 71° F, Humidity: 85%, Wind: NNE 2 mph"
2017_15_BAL_CLE,Dry,"Cloudy Temp: 36° F, Humidity: 78%, Wind: N/A 0 mph"
2017_15_DAL_OAK,Dry,"Clear Temp: 57° F, Humidity: 37%, Wind: NNW 4 mph"
2017_15_GB_CAR,Dry,"Party Cloudy Temp: 51° F, Humidity: 55%, Wind: SSW 5 mph"
2017_15_HOU_JAX,Dry,"Temp: 72° F, Humidity: 55%, Wind: SE 5 mph"
2017_15_LAC_KC,Dry,"Cloudy Temp: 53° F, Humidity: 36%, Wind: South 9 mph"
2017_15_LA_SEA,Dry,"Cloudy Temp: 47° F, Humidity: 88%, Wind: S 15 mph"
2017_15_MIA_BUF,Dry,"Mostly cloudy Temp: 22° F, Humidity: 71%, Wind: NE 8 mph"
2017_15_NE_PIT,Dry,"Mostly Cloudy Temp: 42° F, Humidity: 62%, Wind: From SSE 4 mph"
2017_15_PHI_NYG,Dry,"Cloudy Temp: 35° F, Humidity: 58%, Wind: Calm mph"
2017_15_TEN_SF,Dry,"Sunny Temp: 65° F, Humidity: 17%, Wind: N 12-22 mph"
2017_16_BUF_NE,Dry,"Cloudy Temp: 35° F, Humidity: 67%, Wind: North 7 mph"
2017_16_CLE_CHI,Snow,"Cloudy, light snow accumulating 1-3 Temp: 24° F, Humidity: 83%, Wind: WNW 8 mph"
2017_16_DEN_WAS,Dry,"Cloudy Temp: 43° F, Humidity: 59%, Wind: NE 7 mph"
2017_16_DET_CIN,Dry,"Mostly Cloudy Temp: 35° F, Humidity: 76%, Wind: S 2 mph"
2017_16_IND_BAL,Dry,"Cloudy Temp: 63° F, Humidity: 78%, Wind: SSW 14 mph"
2017_16_JAX_SF,Dry,"Cloudy Temp: 52° F, Humidity: 64%, Wind: 1 mph"
2017_16_LAC_NYJ,Dry,"Temp: 40° F, Humidity: 55%, Wind: N 6 mph"
2017_16_LA_TEN,Dry,"Cloudy Temp: 39° F, Humidity: 90%, Wind: WSW 11 mph"
2017_16_MIA_KC,Dry,"Cloudy Temp: 23° F, Humidity: 71%, Wind: NW 15 mph"
2017_16_MIN_GB,Dry,"Clear Temp: 10° F, Humidity: 67%, Wind: SW 6 mph"
2017_16_OAK_PHI,Dry,"Partly Cloudy Temp: 29° F, Humidity: 37%, Wind: W 15 mph"
2017_16_TB_CAR,Dry,"Cloudy Temp: 55° F, Humidity: 63%, Wind: NE 6 mph"
2017_17_ARI_SEA,Dry,"Sunny Temp: 40° F, Humidity: 78%, Wind: N 7 mph"
2017_17_BUF_MIA,Dry,"Clear Temp: 71° F, Humidity: 66%, Wind: NE 9 mph"
2017_17_CIN_BAL,Dry,"Cloudy Temp: 19° F, Humidity: 36%, Wind: NW 12 mph"
2017_17_CLE_PIT,Snow,"Snow Temp: 11° F, Humidity: 80%, Wind: From W 3 mph"
2017_17_DAL_PHI,Dry,"Sunny Temp: 19° F, Humidity: 30%, Wind: NW 17 mph"
2017_17_JAX_TEN,Dry,"Clear Temp: 23° F, Humidity: 45%, Wind: Northeast 5 mph"
2017_17_KC_DEN,Dry,"Cloudy Temp: 17° F, Humidity: 76%, Wind: NorthEast 4 mph"
2017_17_NO_TB,Dry,"Clear Temp: 71° F, Humidity: 49%, Wind: SSE 3 mph"
2017_17_NYJ_NE,Dry,"Cloudy and cold Temp: 13° F, Humidity: 42%, Wind: WNW 14 mph"
2017_17_OAK_LAC,Dry,"Hazy Temp: 62° F, Humidity: 70%, Wind: S 2 mph"
2017_17_SF_LA,Dry,"Sunny Temp: 67° F, Humidity: 43%, Wind: ESE 3 mph"
2017_17_WAS_NYG,Dry,"Partly Cloudy Temp: 16° F, Humidity: 42%, Wind: NW 16 mph"
2017_18_ATL_LA,Dry,"Cloudy Temp: 62° F, Humidity: 84%, Wind: SSW 3 mph"
2017_18_BUF_JAX,Dry,"Temp: 53° F, Humidity: 50%, Wind: NE 18 mph"
2017_18_TEN_KC,Dry,"Sunny Temp: 33° F, Humidity: 34%, Wind: Southeast 10 mph"
2017_19_ATL_PHI,Dry,"Sunny Temp: 32° F, Humidity: 44%, Wind: NW 16 mph"
2017_19_JAX_PIT,Dry,"Sunny Temp: 18° F, Humidity: 55%, Wind: From ENE 2 mph"
2017_19_TEN_NE,Dry,"Clear and Cold Temp: 24° F, Humidity: 61%, Wind: NW 12 mph"
2017_20_JAX_NE,Dry,"Clear and cool Temp: 48° F, Humidity: 48%, Wind: WSW 3 mph"
2017_20_MIN_PHI,Dry,"Cloudy Temp: 47° F, Humidity: 72%, Wind: SSW 5 mph"
2021_01_ARI_TEN,Dry,"Sunny Temp: 78° F, Humidity: 63%, Wind: SSW 6 mph"
2021_01_CLE_KC,Dry,"Temp: 88° F, Humidity: 43%, Wind: S 12 mph"
2021_01_DAL_TB,Dry,"Cloudy Temp: 81° F, Humidity: 90%, Wind: SW 5 mph"
2021_01_DEN_NYG,Dry,"Fair Temp: 82° F, Humidity: 56%, Wind: SW 18 mph"
2021_01_GB_NO,Dry,"Temp: 83° F, Humidity: 56%, Wind: ENE 8 MPH mph"
2021_01_LAC_WAS,Dry,"Sunny Temp: 81° F, Humidity: 52%, Wind: SSW 8 mph"
2021_01_MIA_NE,Dry,"Partly Cloudy Temp: 82° F, Humidity: 63%, Wind: SW 13 mph"
2021_01_MIN_CIN,Dry,"Mostly Sunny Temp: 84° F, Humidity: 48%, Wind: SW 10 mph, gusts to 13 mph"
2021_01_NYJ_CAR,Dry,"Sunny Temp: 84° F, Humidity: 43%, Wind: SW 5 mph"
2021_01_PHI_ATL,Dry,"Fair Temp: 81° F, Humidity: 63%, Wind: SSE 3 mph"
2021_01_PIT_BUF,Dry,"Cloudy Temp: 73° F, Humidity: 79%, Wind: WSW 16 mph"
2021_02_ATL_TB,Dry,"Cloudy Temp: 83° F, Humidity: 76%, Wind: W 5 mph"
2021_02_BUF_MIA,Dry,"Mostly Cloudy Temp: 88° F, Humidity: 70%, Wind: NNE 6 mph"
2021_02_CIN_CHI,Dry,"Sunny Temp: 81° F, Humidity: 57%, Wind: SW 4 mph"
2021_02_DEN_JAX,Dry,"Cloudy Temp: 78° F, Humidity: 94%, Wind: NE 6mph mph"
2021_02_DET_GB,Dry,"Cloudy Temp: 73° F, Humidity: 84%, Wind: S 12 mph"
2021_02_HOU_CLE,Dry,"Sunny Temp: 75° F, Humidity: 56%, Wind: NNE 7 mph"
2021_02_KC_BAL,Dry,"Clear Temp: 73° F, Humidity: 66%, Wind: ENE 2 mph"
2021_02_LV_PIT,Dry,"Sunny Temp: 79° F, Humidity: 52%, Wind: SW 2 mph"
2021_02_NE_NYJ,Dry,"Sunny Temp: 73° F, Humidity: 44%, Wind: NNE 10 mph"
2021_02_NO_CAR,Dry,"Partly Cloudy Temp: 82° F, Humidity: 60%, Wind: ENE 6 mph"
2021_02_NYG_WAS,Rain,"Rain Temp: 72° F, Humidity: 93%, Wind: North 5 mph"
2021_02_SF_PHI,Dry,"Clear Temp: 75° F, Humidity: 50%, Wind: N 8 mph"
2021_02_TEN_SEA,Dry,"Cloudy Temp: 61° F, Humidity: 74%, Wind: S 12 mph"
2021_03_ARI_JAX,Dry,"Sunny Temp: 80° F, Humidity: 49%, Wind: NNE 7 mph"
2021_03_ATL_NYG,Dry,"Sunny Temp: 70° F, Humidity: 41%, Wind: NW 13 mph"
2021_03_CHI_CLE,Dry,"Sunny Temp: 68° F, Humidity: 43%, Wind: SW 14 mph"
2021_03_CIN_PIT,Dry,"Sunny Temp: 70° F, Humidity: 42%, Wind: W 11 mph"
2021_03_GB_SF,Dry,"Scattered clouds Temp: 69° F, Humidity: 57%, Wind: NNW 15 mph"
2021_03_IND_TEN,Dry,"Sunny Temp: 72° F, Humidity: 65%, Wind: SW 2 mph"
2021_03_LAC_KC,Dry,"clear Temp: 81° F, Humidity: 35%, Wind: 20 S mph"
2021_03_NO_NE,Dry,"Sunny Temp: 70° F, Humidity: 60%, Wind: WNW 10 mph"
2021_03_NYJ_DEN,Dry,"Sunny Temp: 85° F, Humidity: 9%, Wind: Northeast 7 mph"
2021_03_PHI_DAL,Dry,"Temp: 84° F, Humidity: 32%, Wind: Southeast 7 mph"
2021_03_WAS_BUF,Dry,"Sunny Temp: 66° F, Humidity: 49%, Wind: WSW 20 mph"
2021_04_BAL_DEN,Dry,"Sunny Temp: 76° F, Humidity: 12%, Wind: East 9 mph"
2021_04_DET_CHI,Dry,"Mostly Cloudy Temp: 72° F, Humidity: 82%, Wind: S 3 mph"
2021_04_HOU_BUF,Light rain,"Light rain, fog and mist Temp: 67° F, Humidity: 93%, Wind: SW 12 mph"
2021_04_IND_MIA,Dry,"Partly Cloudy Temp: 85° F, Humidity: 54%, Wind: ENE 10 mph"
2021_04_JAX_CIN,Dry,"Clear Temp: 70° F, Humidity: 53%, Wind: ENE 5 mph, gusts to 7 mph"
2021_04_KC_PHI,Dry,"Partly Cloudy Temp: 73° F, Humidity: 74%, Wind: WSW 4 mph"
2021_04_PIT_GB,Dry,"Cloudy Temp: 67° F, Humidity: 87%, Wind: East 5 mph"
2021_04_SEA_SF,Dry,"Hazy skies Temp: 88° F, Humidity: 28%, Wind: nw 10 mph"
2021_04_TB_NE,Rain,"Rain Temp: 61° F, Humidity: 91%, Wind: NNE 5 mph"
2021_04_TEN_NYJ,Dry,"Mostly Sunny Temp: 78° F, Humidity: 47%, Wind: SSW 10 mph"
2021_04_WAS_ATL,Dry,"Cloudy Temp: 76° F, Humidity: 76%, Wind: SSW 6 mph"
2021_05_BUF_KC,Dry,"Temp: 71° F, Humidity: 61%, Wind: North 10 mph"
2021_05_DEN_PIT,Dry,"Sunny Temp: 73° F, Humidity: 63%, Wind: SE 8 mph"
2021_05_GB_CIN,Dry,"Partly sunny Temp: 80° F, Humidity: 57%, Wind: S 8 mph, gusts to 12 mph"
2021_05_IND_BAL,Dry,"Cloudy Temp: 69° F, Humidity: 78%, Wind: S 4 mph"
2021_05_LA_SEA,Dry,"Sunny Temp: 61° F, Humidity: 48%, Wind: NW 7 mph"
2021_05_MIA_TB,Dry,"Cloudy Temp: 84° F, Humidity: 60%, Wind: N 6 mph"
2021_05_NO_WAS,Dry,"Cloudy Temp: 68° F, Humidity: 85%, Wind: NNE 9 mph"
2021_05_NYJ_ATL,Dry,"Mostly cloudy Temp: 63° F, Humidity: 79%, Wind: NNW 7 mph"
2021_05_PHI_CAR,Dry,"Sunny Temp: 77° F, Humidity: 62%, Wind: N 11 mph"
2021_05_TEN_JAX,Dry,"Partly Cloudy Temp: 78° F, Humidity: 72%, Wind: NE 13 mph"
2021_06_ARI_CLE,Dry,"Cloudy Temp: 58° F, Humidity: 60%, Wind: West 23 mph"
2021_06_BUF_TEN,Dry,"Clear Temp: 65° F, Humidity: 43%, Wind: N 0 mph"
2021_06_DAL_NE,Dry,"Partly Cloudy Temp: 61° F, Humidity: 52%, Wind: West 10 mph"
2021_06_GB_CHI,Dry,"Sunny Temp: 62° F, Humidity: 39%, Wind: SE 5 mph"
2021_06_HOU_IND,Dry,"Sunny Temp: 58° F, Humidity: 50%, Wind: WSW 10 mph"
2021_06_KC_WAS,Dry,"Sunny Temp: 62° F, Humidity: 44%, Wind: WNW 15 mph"
2021_06_LAC_BAL,Dry,"Partly Cloudy Temp: 63° F, Humidity: 47%, Wind: WNW 16 mph"
2021_06_LA_NYG,Dry,"Partly Cloudy Temp: 61° F, Humidity: 56%, Wind: NW 13 mph"
2021_06_LV_DEN,Dry,"Sunny Temp: 69° F, Humidity: 12%, Wind: North 7 mph"
2021_06_MIA_JAX,Dry,"Partly cloudy Temp: 61° F, Humidity: 78%, Wind: NNE 7 mph"
2021_06_MIN_CAR,Dry,"Sunny Temp: 63° F, Humidity: 36%, Wind: WNW 8 mph"
2021_06_SEA_PIT,Dry,"Mostly Cloudy Temp: 54° F, Humidity: 63%, Wind: W 7 mph"
2021_06_TB_PHI,Dry,"Partly Cloudy Temp: 70° F, Humidity: 64%, Wind: NW 5 mph"
2021_07_ATL_MIA,Dry,"Partly Cloudy Temp: 86° F, Humidity: 70%, Wind: ESE 10 mph"
2021_07_CAR_NYG,Dry,"Mostly Cloudy Temp: 57° F, Humidity: 51%, Wind: Calm 0 mph"
2021_07_CHI_TB,Rain,"Rain Temp: 76° F, Humidity: 90%, Wind: S 7 mph"
2021_07_CIN_BAL,Dry,"Cloudy Temp: 61° F, Humidity: 62%, Wind: SSE 7 mph"
2021_07_DEN_CLE,Dry,"Cloudy Temp: 61° F, Humidity: 69%, Wind: West 25 mph"
2021_07_IND_SF,Rain,"Cloudy, rainy Temp: 64° F, Humidity: 83%, Wind: SSE 21 mph"
2021_07_KC_TEN,Dry,"Cloudy Temp: 70° F, Humidity: 57%, Wind: North 12 mph"
2021_07_NO_SEA,Rain,"Rain Temp: 55° F, Humidity: 73%, Wind: S 17 mph"
2021_07_NYJ_NE,Dry,"Sunny Temp: 54° F, Humidity: 41%, Wind: West 6 mph"
2021_07_WAS_GB,Dry,"Sunny Temp: 50° F, Humidity: 56%, Wind: NE 8 mph"
2021_08_CAR_ATL,Dry,"Cloudy Temp: 58° F, Humidity: 66%, Wind: NW 12 mph"
2021_08_CIN_NYJ,Dry,"Mid 60s and Partly Cloudy Temp: 64° F, Humidity: 64%, Wind: SW 11 mph"
2021_08_GB_ARI,Dry,"Sunny Temp: 86° F, Humidity: 15%, Wind: NE 7 mph"
2021_08_JAX_SEA,Dry,"Temp: 54° F, Humidity: 49%, Wind: NE 3 mph"
2021_08_MIA_BUF,Dry,"Cloudy Temp: 51° F, Humidity: 89%, Wind: W 9 mph"
2021_08_NYG_KC,Dry,"Temp: 39° F, Humidity: 86%, Wind: Northeast 3 mph"
2021_08_PIT_CLE,Dry,"Sunny Temp: 56° F, Humidity: 76%, Wind: W 19 mph"
2021_08_SF_CHI,Dry,"Partly Sunny Temp: 52° F, Humidity: 69%, Wind: SE 13 mph"
2021_08_TEN_IND,Dry,"Sunny Temp: 56° F, Humidity: 79%, Wind: WSW 5 mph"
2021_08_WAS_DEN,Dry,"Cloudy Temp: 40° F, Humidity: 63%, Wind: West 6 mph"
2021_09_ARI_SF,Dry,"scattered clouds Temp: 62° F, Humidity: 36%, Wind: nw 11 mph"
2021_09_BUF_JAX,Dry,"Cloudy Temp: 58° F, Humidity: 80%, Wind: North 14mph mph"
2021_09_CHI_PIT,Dry,"Clear Temp: 55° F, Humidity: 50%, Wind: South 6 mph"
2021_09_CLE_CIN,Dry,"Partly sunny Temp: 60° F, Humidity: 43%, Wind: WSW 4 mph, gusts to 5 mph"
2021_09_GB_KC,Dry,"Temp: 72° F, Humidity: 41%, Wind: South 14 mph"
2021_09_HOU_MIA,Dry,"Temp: 72° F, Humidity: 56%, Wind: WNW 15 mph"
2021_09_LAC_PHI,Dry,"Mostly Cloudy Temp: 52° F, Humidity: 47%, Wind: NNE 4 mph"
2021_09_LV_NYG,Dry,"Fair Temp: 54° F, Humidity: 38%, Wind: NW 5 mph"
2021_09_MIN_BAL,Dry,"Partly Cloudy Temp: 58° F, Humidity: 41%, Wind: NNE 8 mph"
2021_09_NE_CAR,Dry,"Sunny Temp: 61° F, Humidity: 44%, Wind: NNE 15 mph"
2021_10_BAL_MIA,Dry,"Partly Cloudy Temp: 77° F, Humidity: 84%, Wind: ESE 7 mph"
2021_10_BUF_NYJ,Dry,"Overcast and Brisk Temp: 48° F, Humidity: 54%, Wind: S 6 mph"
2021_10_CLE_NE,Dry,"Cloudy Temp: 48° F, Humidity: 50%, Wind: West 7 mph"
2021_10_DET_PIT,Dry,"Cloudy Temp: 39° F, Humidity: 72%, Wind: S 12 mph"
2021_10_LA_SF,Dry,"Overcast Temp: 62° F, Humidity: 71%, Wind: NW 3 mph"
2021_10_NO_TEN,Dry,"Cloudy Temp: 55° F, Humidity: 42%, Wind: SW 12 mph"
2021_10_PHI_DEN,Dry,"Partly Cloudy Temp: 65° F, Humidity: 22%, Wind: South West 5 mph"
2021_10_SEA_GB,Dry,"Sunny Temp: 35° F, Humidity: 79%, Wind: NW 12 mph"
2021_10_TB_WAS,Dry,"Cloudy Temp: 47° F, Humidity: 44%, Wind: S 9 mph"
2021_11_ARI_SEA,Dry,"Partly Cloudy Temp: 45° F, Humidity: 75%, Wind: South 2 mph"
2021_11_BAL_CHI,Dry,"Mostly Sunny Temp: 43° F, Humidity: 63%, Wind: NE 13 mph"
2021_11_DAL_KC,Dry,"Temp: 58° F, Humidity: 33%, Wind: North 14 mph"
2021_11_DET_CLE,Rain,"Showers Temp: 44° F, Humidity: 83%, Wind: N 12 mph"
2021_11_HOU_TEN,Dry,"Cloudy Temp: 56° F, Humidity: 71%, Wind: North 10 mph"
2021_11_IND_BUF,Dry,"Cloudy Temp: 49° F, Humidity: 48%, Wind: SSW 15 mph"
2021_11_MIA_NYJ,Dry,"Mostly Sunny and Cool Temp: 54° F, Humidity: 49%, Wind: S 8 mph"
2021_11_NO_PHI,Dry,"Mostly Cloudy Temp: 52° F, Humidity: 68%, Wind: SSW 7 mph"
2021_11_NYG_TB,Dry,"Cloudy Temp: 69° F, Humidity: 82%, Wind: NW 6 mph"
2021_11_SF_JAX,Dry,"sunny Temp: 67° F, Humidity: 82%, Wind: sw 12 mph"
2021_11_WAS_CAR,Dry,"Partly Cloudy Temp: 58° F, Humidity: 50%, Wind: WSW 1 mph"
2021_12_ATL_JAX,Dry,"Partly Cloudy & Windy Temp: 62° F, Humidity: 44%, Wind: West 11 mph"
2021_12_CAR_MIA,Dry,"Mostly Sunny Temp: 77° F, Humidity: 47%, Wind: SSE 5 mph"
2021_12_CLE_BAL,Dry,"Cloudy Temp: 45° F, Humidity: 63%, Wind: NW 3 mph"
2021_12_LAC_DEN,Dry,"Partly Cloudy Temp: 66° F, Humidity: 19%, Wind: North East 5 mph"
2021_12_LA_GB,Dry,"Cloudy Temp: 37° F, Humidity: 41%, Wind: NW 14 mph"
2021_12_MIN_SF,Dry,"Clear skies Temp: 67° F, Humidity: 49%, Wind: NW 3 mph"
2021_12_PHI_NYG,Dry,"Overcast Temp: 36° F, Humidity: 76%, Wind: NW 6 mph"
2021_12_PIT_CIN,Dry,"Mostly sunny Temp: 44° F, Humidity: 46%, Wind: W 10 mph, gusts to 13 mph"
2021_12_SEA_WAS,Dry,"Cloudy Temp: 38° F, Humidity: 55%, Wind: W 3 mph"
2021_12_TEN_NE,Dry,"Cloudy Temp: 37° F, Humidity: 49%, Wind: WSW 7 mph"
2021_13_ARI_CHI,Dry,"Cloudy Temp: 35° F, Humidity: 67%, Wind: SE 10 mph"
2021_13_BAL_PIT,Dry,"Cloudy Temp: 50° F, Humidity: 42%, Wind: E 9 mph"
2021_13_DEN_KC,Dry,"Temp: 55° F, Humidity: 51%, Wind: NW 15 mph"
2021_13_LAC_CIN,Dry,"Cloudy Temp: 51° F, Humidity: 69%, Wind: SSE 7 mph, gusts to 12 mph"
2021_13_NE_BUF,Dry,"Cloudy with wind Temp: 36° F, Humidity: 61%, Wind: W 27 mph"
2021_13_NYG_MIA,Dry,"Partly Sunny Temp: 82° F, Humidity: 54%, Wind: E 9 mph"
2021_13_PHI_NYJ,Dry,"Mostly Sunny and Cool Temp: 47° F, Humidity: 32%, Wind: NNE Calm mph"
2021_13_SF_SEA,Dry,"Sunny Temp: 41° F, Humidity: 82%, Wind: E 1 mph"
2021_14_ATL_CAR,Dry,"Sunny Temp: 51° F, Humidity: 31%, Wind: NNE 9 mph"
2021_14_BAL_CLE,Dry,"Sunny Temp: 47° F, Humidity: 41%, Wind: SW 16 mph"
2021_14_BUF_TB,Dry,"Cloudy Temp: 81° F, Humidity: 69%, Wind: W 6 mph"
2021_14_CHI_GB,Dry,"Cloudy Temp: 37° F, Humidity: 56%, Wind: SW 10 mph"
2021_14_DAL_WAS,Dry,"Sunny Temp: 48° F, Humidity: 32%, Wind: W 11 mph"
2021_14_DET_DEN,Dry,"Partly Cloudy Temp: 61° F, Humidity: 11%, Wind: N 7 mph"
2021_14_JAX_TEN,Dry,"Sunny Temp: 44° F, Humidity: 51%, Wind: E 4 mph"
2021_14_LA_ARI,Dry,"Partly Cloudly Temp: 65° F, Humidity: 37%, Wind: NNW 3 mph"
2021_14_LV_KC,Dry,"Temp: 50° F, Humidity: 24%, Wind: SSW 20 mph"
2021_14_NO_NYJ,Dry,"Sunny and Blustery Temp: 48° F, Humidity: 30%, Wind: WNW 14 mph"
2021_14_SEA_HOU,Dry,"Clear Temp: 55° F, Humidity: 46%, Wind: NE 4 mph"
2021_14_SF_CIN,Dry,"Sunny Temp: 45° F, Humidity: 44%, Wind: SSW 7 mph, gusts to 14 mph"
2021_15_ATL_SF,Dry,"Clear Temp: 52° F, Humidity: 71%, Wind: NW 5 mph"
2021_15_CAR_BUF,Dry,"Cloudy Temp: 29° F, Humidity: 71%, Wind: NNW 8 mph"
2021_15_CIN_DEN,Dry,"Sunny Temp: 61° F, Humidity: 10%, Wind: East 8 mph"
2021_15_DAL_NYG,Dry,"Cloudy Temp: 40° F, Humidity: 45%, Wind: NNW 17 mph"
2021_15_GB_BAL,Dry,"Sunny Temp: 43° F, Humidity: 48%, Wind: North 12 mph"
2021_15_HOU_JAX,Dry,"Temp: 76° F, Humidity: 82%, Wind: SW 9mph mph"
2021_15_LV_CLE,Dry,"Clear Temp: 43° F, Humidity: 50%, Wind: SW 12 mph"
2021_15_MIN_CHI,Dry,"Clear Temp: 38° F, Humidity: 63%, Wind: W 7 mph"
2021_15_NO_TB,Dry,"Cloudy Temp: 75° F, Humidity: 91%, Wind: E 2 mph"
2021_15_NYJ_MIA,Dry,"Partly Sunny Temp: 79° F, Humidity: 80%, Wind: S 9 mph"
2021_15_TEN_PIT,Dry,"Cloudy Temp: 34° F, Humidity: 63%, Wind: N 10 mph"
2021_15_WAS_PHI,Dry,"Cloudy Temp: 38° F, Humidity: 59%, Wind: E 4 mph"
2021_16_BAL_CIN,Dry,"Mostly sunny Temp: 53° F, Humidity: 53%, Wind: NNE 5 mph, gusts to 6 mph"
2021_16_BUF_NE,Dry,"Cloudy Temp: 37° F, Humidity: 72%, Wind: NW 11 mph"
2021_16_CHI_SEA,Snow,"Snow Temp: 25° F, Humidity: 83%, Wind: South 14 mph"
2021_16_CLE_GB,Dry,"Cloudy Temp: 35° F, Humidity: 49%, Wind: NW 10 mph"
2021_16_DET_ATL,Dry,"Partly Cloudy Temp: 70° F, Humidity: 69%, Wind: W 4 mph"
2021_16_JAX_NYJ,Dry,"Sunny and Mild Temp: 48° F, Humidity: 47%, Wind: NNW 12 mph"
2021_16_NYG_PHI,Dry,"Clear Temp: 50° F, Humidity: 57%, Wind: NW 9 mph"
2021_16_PIT_KC,Dry,"Temp: 57° F, Humidity: 64%, Wind: Southeast 23 mph"
2021_16_SF_TEN,Dry,"Clear Temp: 54° F, Humidity: 33%, Wind: South 6 mph"
2021_16_TB_CAR,Dry,"Sunny Temp: 73° F, Humidity: 41%, Wind: WNW 5 mph"
2021_17_ATL_BUF,Snow,"Snow shower Temp: 25° F, Humidity: 89%, Wind: NNW 9 mph"
2021_17_CLE_PIT,Dry,"Cloudy Temp: 27° F, Humidity: 61%, Wind: W 7 mph"
2021_17_DET_SEA,Rain,"Rain Temp: 39° F, Humidity: 74%, Wind: N 10 mph"
2021_17_HOU_SF,Dry,"clear Temp: 64° F, Humidity: 44%, Wind: SE 5 mph"
2021_17_JAX_NE,Dry,"Cloudy Temp: 46° F, Humidity: 95%, Wind: W 5 mph"
2021_17_KC_CIN,Dry,"Cloudy Temp: 33° F, Humidity: 85%, Wind: NNW 9 mph, gusts to 19 mph"
2021_17_LA_BAL,Dry,"Cloudy Temp: 62° F, Humidity: 89%, Wind: WSW 7 mph"
2021_17_MIA_TEN,Dry,"Cloudy Temp: 36° F, Humidity: 96%, Wind: N 11 mph"
2021_17_MIN_GB,Dry,"Clear Temp: 11° F, Humidity: 61%, Wind: W 8 mph"
2021_17_NYG_CHI,Dry,"Partly Cloudy Temp: 24° F, Humidity: 75%, Wind: NW 13 mph"
2021_17_PHI_WAS,Dry,"Cloudy Temp: 60° F, Humidity: 90%, Wind: SW 5 mph"
2021_17_TB_NYJ,Dry,"Cloudy and Unseasonably Warm Temp: 57° F, Humidity: 83%, Wind: W 10 mph"
2021_18_CAR_TB,Dry,"Cloudy Temp: 82° F, Humidity: 56%, Wind: SE 6 mph"
2021_18_CIN_CLE,Rain,"Rain Temp: 37° F, Humidity: 87%, Wind: West 23 mph"
2021_18_DAL_PHI,Dry,"Clear Temp: 26° F, Humidity: 60%, Wind: S 4 mph"
2021_18_IND_JAX,Dry,"Temp: 77° F, Humidity: 57%, Wind: SSE 13 mph"
2021_18_KC_DEN,Dry,"Cloudy Temp: 44° F, Humidity: 46%, Wind: East 8 mph"
2021_18_NE_MIA,Dry,"Cloudy Temp: 76° F, Humidity: 73%, Wind: E 9 mph"
2021_18_NYJ_BUF,Snow,"Snow showers/wind Temp: 34° F, Humidity: 80%, Wind: W 21 mph"
2021_18_PIT_BAL,Rain,"Cloudy, rain Temp: 38° F, Humidity: 90%, Wind: SW 3 mph"
2021_18_SEA_ARI,Dry,"Sunny Temp: 72° F, Humidity: 22%, Wind: ENE 1 mph"
2021_18_WAS_NYG,Light rain,"Light Rain Temp: 36° F, Humidity: 70%, Wind: SW 14 mph"
2021_19_LV_CIN,Dry,"Cloudy Temp: 32° F, Humidity: 51%, Wind: NE 10, gusts to 19 mph"
2021_19_NE_BUF,Dry,"Clear Temp: 7° F, Humidity: 65%, Wind: ENE 7 mph"
2021_19_PHI_TB,Dry,"Cloudy Temp: 65° F, Humidity: 55%, Wind: W 18 mph"
2021_19_PIT_KC,Dry,"Temp: 30° F, Humidity: 78%, Wind: West 8 mph"
2021_20_BUF_KC,Dry,"Temp: 37° F, Humidity: 48%, Wind: WSW 3 mph"
2021_20_CIN_TEN,Dry,"Sunny Temp: 34° F, Humidity: 46%, Wind: 0 mph"
2021_20_LA_TB,Dry,"Cloudy Temp: 52° F, Humidity: 58%, Wind: W 10 mph"
2021_20_SF_GB,Dry,"Cloudy Temp: 14° F, Humidity: 53%, Wind: W 13 mph"
2021_21_CIN_KC,Dry,"Cloudy Temp: 41° F, Humidity: 41%, Wind: NNW 5 mph"
2018_01_ATL_PHI,Dry,"Cloudy Temp: 81° F, Humidity: 71%, Wind: NNW 8 mph"
2018_01_BUF_BAL,Rain,"Rain Temp: 61° F, Humidity: 97%, Wind: ENE 12 mph"
2018_01_CHI_GB,Dry,"Clear Temp: 62° F, Humidity: 65%, Wind: E 10 mph"
2018_01_DAL_CAR,Dry,"Partly Cloudy Temp: 81° F, Humidity: 74%, Wind: East North East 9 mph"
2018_01_HOU_NE,Dry,"Cloudy and Cool Temp: 62° F, Humidity: 61%, Wind: NE 10 mph"
2018_01_JAX_NYG,Rain,"Rain Temp: 59° F, Humidity: 85%, Wind: NE 7 mph"
2018_01_KC_LAC,Dry,"Sunny Temp: 84° F, Humidity: 52%, Wind: SW 8 mph"
2018_01_LA_OAK,Dry,"Clear Temp: 69° F, Humidity: 58%, Wind: WSW 10 mph"
2018_01_PIT_CLE,Rain,"Rain Temp: 58° F, Humidity: 84%, Wind: East 11 mph"
2018_01_SEA_DEN,Dry,"Sunny Temp: 84° F, Humidity: 17%, Wind: Northeast 5 mph"
2018_01_TEN_MIA,Rain,"Scattered Showers Temp: 89° F, Humidity: 63%, Wind: WSW 7 mph"
2018_02_ARI_LA,Dry,"Sunny Temp: 86° F, Humidity: 35%, Wind: SW 2 mph"
2018_02_BAL_CIN,Dry,"Clear Temp: 82° F, Humidity: 54%, Wind: N 3 mph"
2018_02_DET_SF,Dry,"Clear Temp: 73° F, Wind: NW 12 mph"
2018_02_HOU_TEN,Dry,"Cloudy Temp: 81° F, Humidity: 63%, Wind: NE 12 mph"
2018_02_IND_WAS,Dry,"Cloudy Temp: 71° F, Humidity: 88%, Wind: ENE 5 mph"
2018_02_KC_PIT,Dry,"Partly Cloudy Temp: 80° F, Humidity: 65%, Wind: From ESE 10 mph"
2018_02_LAC_BUF,Dry,"Fair Temp: 83° F, Humidity: 63%, Wind: SE 6 mph"
2018_02_MIA_NYJ,Dry,"Sunny Temp: 80° F, Humidity: 63%, Wind: East 4 MPh mph"
2018_02_MIN_GB,Dry,"Partly Cloudy Temp: 80° F, Humidity: 71%, Wind: S 5 mph"
2018_02_NE_JAX,Maybe,"Rain Chance 40% Temp: 97° F, Humidity: 46%, Wind: West 15 gusts up to 25 mph"
2018_02_OAK_DEN,Dry,"Sunny Temp: 92° F, Humidity: 13%, Wind: South 4 mph"
2018_02_PHI_TB,Dry,"Cloudy Temp: 91° F, Humidity: 65%, Wind: SSW 9 mph"
2018_02_SEA_CHI,Dry,"Clear Temp: 79° F, Humidity: 62%, Wind: ESE 2 mph"
2018_03_CIN_CAR,Dry,"Cloudy Temp: 80° F, Humidity: 69%, Wind: NNE 3 mph"
2018_03_DAL_SEA,Dry,"Sunny Temp: 61° F, Humidity: 59%, Wind: SSE 4 mph"
2018_03_DEN_BAL,Light rain,"Light Rain Temp: 61° F, Humidity: 91%, Wind: NNE 5 mph"
2018_03_GB_WAS,Rain,"Rain Temp: 62° F, Humidity: 96%, Wind: NE 6 mph"
2018_03_IND_PHI,Rain,"Rain Temp: 61° F, Humidity: 92%, Wind: NE 5 mph"
2018_03_LAC_LA,Dry,"Sunny Temp: 80° F, Humidity: 50%, Wind: SW 5 mph"
2018_03_NYJ_CLE,Dry,"Temp: 83° F, Humidity: 64%, Wind: SE 11 mph"
2018_03_OAK_MIA,Dry,"Partly Cloudy Temp: 90° F, Humidity: 58%, Wind: E 7 mph"
2018_03_PIT_TB,Dry,"Cloudy Temp: 77° F, Humidity: 89%, Wind: N 5 mph"
2018_03_SF_KC,Dry,"Clear and sunny Temp: 70° F, Humidity: 64%, Wind: East Southeast 4 mph"
2018_03_TEN_JAX,Dry,"Temp: 89° F, Humidity: 61%, Wind: EAST 10MPH mph"
2018_04_BAL_PIT,Dry,"Clear Temp: 69° F, Humidity: 86%, Wind: S 2 mph"
2018_04_BUF_GB,Dry,"Cloudy Temp: 49° F, Humidity: 79%, Wind: NE 9 mph"
2018_04_CLE_OAK,Dry,"Partly Cloudy Temp: 71° F, Humidity: 58%, Wind: W 8 mph"
2018_04_KC_DEN,Dry,"Cloudy Temp: 65° F, Humidity: 51%, Wind: North 5 mph"
2018_04_MIA_NE,Dry,"Sunny and warm Temp: 65° F, Humidity: 48%, Wind: West 6 mph"
2018_04_MIN_LA,Dry,"Clear Temp: 75° F, Humidity: 68%, Wind: SW 3 mph"
2018_04_NO_NYG,Dry,"Partly Cloudy Temp: 71° F, Humidity: 54%, Wind: South 7 mph"
2018_04_NYJ_JAX,Dry,"Partly Cloudy Temp: 86° F, Humidity: 70%, Wind: North 10mph mph"
2018_04_PHI_TEN,Dry,"Sunny Temp: 80° F, Humidity: 56%, Wind: NW 4 mph"
2018_04_SF_LAC,Dry,"Sunny Temp: 78° F, Humidity: 56%, Wind: SW 9 mph"
2018_04_TB_CHI,Dry,"Cloudy Temp: 66° F, Humidity: 62%, Wind: SSW 5 mph"
2018_05_ARI_SF,Dry,"Clear Temp: 79° F, Humidity: 19%, Wind: North 15 mph"
2018_05_ATL_PIT,Dry,"Sunny Temp: 83° F, Humidity: 69%, Wind: From SSW 5 mph"
2018_05_BAL_CLE,Dry,"Cloudy Temp: 72° F, Humidity: 89%, Wind: North 5 mph"
2018_05_DEN_NYJ,Dry,"Cloudy Temp: 77° F, Humidity: 79%, Wind: SW 7 mph"
2018_05_IND_NE,Dry,"Mostly Cloudy Temp: 66° F, Humidity: 96%, Wind: SSW 6 mph"
2018_05_JAX_KC,Dry,"Cloudy Temp: 58° F, Humidity: 90%, Wind: Northeast 5 mph"
2018_05_LA_SEA,Rain,"Rain Temp: 53° F, Humidity: 79%, Wind: SSE 5 mph"
2018_05_MIA_CIN,Dry,"Mostly Sunny Temp: 87° F, Humidity: 52%, Wind: S 4 mph"
2018_05_MIN_PHI,Dry,"Partly Cloudy Temp: 79° F, Humidity: 77%, Wind: WSW 6 mph"
2018_05_NYG_CAR,Dry,"Cloudy Temp: 80° F, Humidity: 83%, Wind: ENE 3 mph"
2018_05_OAK_LAC,Dry,"Sunny Temp: 75° F, Humidity: 60%, Wind: SSW 10 mph"
2018_05_TEN_BUF,Dry,"Cloudy Temp: 62° F, Humidity: 96%, Wind: NE 8 mph"
2018_06_BAL_TEN,Rain,"Rain Temp: 66° F, Humidity: 100%, Wind: SE 4 mph"
2018_06_CAR_WAS,Dry,"Cloudy Temp: 52° F, Humidity: 74%, Wind: 0 mph"
2018_06_CHI_MIA,Dry,"Partly Cloudy Temp: 89° F, Humidity: 67%, Wind: 8 E mph"
2018_06_IND_NYJ,Dry,"Cloudy Temp: 60° F, Humidity: 53%, Wind: SW 7 MPH mph"
2018_06_KC_NE,Dry,"Cloudy Temp: 45° F, Humidity: 85%, Wind: Calm mph"
2018_06_LAC_CLE,Dry,"Sunny Temp: 51° F, Humidity: 61%, Wind: South 9 mph"
2018_06_LA_DEN,Dry,"Mostly Cloudy Temp: 25° F, Humidity: 76%, Wind: North East 6 mph"
2018_06_PHI_NYG,Light rain,"Light Rain Temp: 70° F, Humidity: 98%, Wind: South 3 mph"
2018_06_PIT_CIN,Dry,"Mostly Cloudy Temp: 51° F, Humidity: 93%, Wind: S 6 mph"
2018_06_SEA_OAK,Dry,"Cloudy Temp: 52° F, Humidity: 93%, Wind: NNE 10 mph"
2018_06_SF_GB,Dry,"Clear Temp: 37° F, Humidity: 55%, Wind: W 5 mph"
2018_06_TB_ATL,Dry,"Temp: ° F, Wind: mph"
2018_07_CAR_PHI,Dry,"Partly Sunny Temp: 49° F, Humidity: 41%, Wind: NW 19 mph"
2018_07_CIN_KC,Dry,"Clear Temp: 59° F, Humidity: 42%, Wind: South 10 mph"
2018_07_CLE_TB,Dry,"Clear Temp: 79° F, Humidity: 64%, Wind: NE 7 mph"
2018_07_DAL_WAS,Dry,"Sunny Temp: 52° F, Humidity: 43%, Wind: WNW 12 mph"
2018_07_DET_MIA,Dry,"Partly Cloudy Temp: 89° F, Humidity: 51%, Wind: N 8 mph"
2018_07_HOU_JAX,Dry,"Temp: 68° F, Humidity: 54%, Wind: NE 15 mph"
2018_07_LA_SF,Dry,"Clear Temp: 62° F, Humidity: 69%, Wind: NW 5 mph"
2018_07_MIN_NYJ,Dry,"Cloudy Temp: 46° F, Humidity: 48%, Wind: NW 16 mph"
2018_07_NE_CHI,Dry,"Sunny Temp: 44° F, Humidity: 42%, Wind: WSW 9 mph"
2018_07_NO_BAL,Dry,"Partly Sunny Temp: 54° F, Humidity: 34%, Wind: WNW 15 mph"
2018_07_NYG_ATL,Dry,"Partly clear Temp: 60° F, Humidity: 49%, Wind: ESE 2 mph"
2018_07_TEN_LAC,Dry,"Sunny Temp: 66° F, Humidity: 75%, Wind: W 6 mph"
2018_08_BAL_CAR,Dry,"Sunny Temp: 61° F, Humidity: 65%, Wind: WSW 10 mph"
2018_08_CLE_PIT,Dry,"Cloudy Temp: 47° F, Humidity: 79%, Wind: From SW 11 mph"
2018_08_DEN_KC,Dry,"Clear and Sunny Temp: 56° F, Humidity: 45%, Wind: NW 12 mph"
2018_08_GB_LA,Dry,"Cloudy Temp: 82° F, Humidity: 39%, Wind: SW 1 mph"
2018_08_IND_OAK,Dry,"Sunny Temp: 69° F, Humidity: 67%, Wind: WSW 8 mph"
2018_08_NE_BUF,Dry,"Partly cloudy Temp: 46° F, Humidity: 58%, Wind: W 16 mph"
2018_08_NYJ_CHI,Dry,"cloudy Temp: 48° F, Humidity: 71%, Wind: W 18 mph"
2018_08_PHI_JAX,Dry,"Partly Cloudy Temp: 48° F, Humidity: 59%, Wind: NNE 12 mph"
2018_08_TB_CIN,Maybe,"Cloudy, 50% change of rain Temp: 55° F, Humidity: 77%, Wind: SW 7 mph"
2018_08_WAS_NYG,Dry,"Cloudy Temp: 51° F, Humidity: 73%, Wind: WSW 11 mph"
2018_09_ATL_WAS,Dry,"Sunny Temp: 55° F, Humidity: 46%, Wind: East 5 mph"
2018_09_CHI_BUF,Dry,"Mostly sunny Temp: 49° F, Humidity: 56%, Wind: E 12 mph"
2018_09_GB_NE,Dry,"Clear and Cool Temp: 40° F, Humidity: 76%, Wind: West 2 mph"
2018_09_HOU_DEN,Dry,"Cloudy Temp: 53° F, Humidity: 34%, Wind: Southwest 3 mph"
2018_09_KC_CLE,Dry,"Sunny Temp: 53° F, Humidity: 49%, Wind: South 16 mph"
2018_09_LAC_SEA,Dry,"Sunny Temp: 56° F, Humidity: 78%, Wind: SSE 4 mph"
2018_09_NYJ_MIA,Dry,"Partly Sunny Temp: 87° F, Humidity: 62%, Wind: SSE 16 mph"
2018_09_OAK_SF,Dry,"Clear Temp: 82° F, Humidity: 28%, Wind: NW 8 mph"
2018_09_PIT_BAL,Dry,"Sunny, Windy Temp: 55° F, Humidity: 45%, Wind: East 6 mph"
2018_09_TB_CAR,Dry,"Sunny Temp: 62° F, Humidity: 47%, Wind: East 8 mph"
2018_10_ARI_KC,Dry,"Sunny and clear Temp: 43° F, Humidity: 51%, Wind: North 5 mph"
2018_10_ATL_CLE,Dry,"Sunny Temp: 36° F, Humidity: 56%, Wind: South 9 mph"
2018_10_BUF_NYJ,Dry,"Sunny Temp: 46° F, Humidity: 39%, Wind: WNW 10 mph"
2018_10_CAR_PIT,Dry,"Clear Temp: 40° F, Humidity: 76%, Wind: From NNE 4 mph"
2018_10_DAL_PHI,Dry,"Clear Temp: 38° F, Humidity: 62%, Wind: SW 5 mph"
2018_10_DET_CHI,Dry,"Mostly Cloudy Temp: 37° F, Humidity: 52%, Wind: SSW 12 mph"
2018_10_LAC_OAK,Dry,"Hazy Temp: 69° F, Humidity: 15%, Wind: NE 16 mph"
2018_10_MIA_GB,Dry,"Cloudy Temp: 33° F, Humidity: 66%, Wind: SW 6 mph"
2018_10_NE_TEN,Dry,"Sunny Temp: 46° F, Humidity: 42%, Wind: SSW 4 mph"
2018_10_NO_CIN,Dry,"Mostly Sunny Temp: 39° F, Humidity: 51%, Wind: SE 6 mph"
2018_10_NYG_SF,Dry,"Hazy Temp: 62° F, Humidity: 22%, Wind: 0 mph"
2018_10_SEA_LA,Dry,"Sunny Temp: 75° F, Humidity: 20%, Wind: NNW 1 mph"
2018_10_WAS_TB,Dry,"Clear Temp: 82° F, Humidity: 59%, Wind: ENE 3 mph"
2018_11_CIN_BAL,Dry,"Cloudy Temp: 48° F, Humidity: 58%, Wind: SE 8 mph"
2018_11_DAL_ATL,Dry,"Sunny Temp: 59° F, Humidity: 57%, Wind: E 1 mph"
2018_11_DEN_LAC,Dry,"Clear Temp: 69° F, Humidity: 67%, Wind: W 4 mph"
2018_11_GB_SEA,Dry,"Partly Cloudy Temp: 54° F, Humidity: 69%, Wind: South 6 mph"
2018_11_HOU_WAS,Dry,"Cloudy Temp: 48° F, Humidity: 56%, Wind: SSE 6 mph"
2018_11_KC_LA,Dry,"Cloudy Temp: 65° F, Humidity: 56%, Wind: mph"
2018_11_MIN_CHI,Dry,"Partly Cloudy Temp: 33° F, Humidity: 77%, Wind: WSW 6 mph"
2018_11_PIT_JAX,Dry,"Mostly Sunny Skies Temp: 73° F, Humidity: 60%, Wind: North 8 mph"
2018_11_TB_NYG,Dry,"Cloudy Temp: 42° F, Humidity: 54%, Wind: 1 SE mph"
2018_12_ARI_LAC,Dry,"Partly Cloudy Temp: 74° F, Humidity: 52%, Wind: N 3 mph"
2018_12_CLE_CIN,Dry,"Cloudy Temp: 44° F, Humidity: 100%, Wind: S 4 mph"
2018_12_JAX_BUF,Dry,"Cloudy Temp: 44° F, Humidity: 79%, Wind: WSW 12 mph"
2018_12_NE_NYJ,Dry,"Partly Cloudy Temp: 54° F, Humidity: 64%, Wind: NNW 8 mph"
2018_12_NYG_PHI,Dry,"Mostly Sunny Temp: 56° F, Humidity: 58%, Wind: NW 10 mph"
2018_12_OAK_BAL,Dry,"Partly Clouidy Temp: 60° F, Humidity: 54%, Wind: WNW 7 mph"
2018_12_PIT_DEN,Dry,"Mostly Sunny Temp: 41° F, Humidity: 26%, Wind: North 7 mph"
2018_12_SEA_CAR,Dry,"Partly Cloudy Temp: 57° F, Humidity: 63%, Wind: SSE 1 mph"
2018_12_SF_TB,Dry,"Cloudy Temp: 77° F, Humidity: 62%, Wind: W 7 mph"
2018_13_ARI_GB,Snow,"Snow Temp: 34° F, Humidity: 92%, Wind: N-NE 20 mph"
2018_13_BAL_ATL,Dry,"Mostly cloudy Temp: 67° F, Humidity: 44%, Wind: SW 9 mph"
2018_13_BUF_MIA,Dry,"Partly Cloudy Temp: 86° F, Humidity: 68%, Wind: S 15 mph"
2018_13_CAR_TB,Dry,"Cloudy Temp: 81° F, Humidity: 75%, Wind: SSW 15 mph"
2018_13_CHI_NYG,Dry,"Cloudy Temp: 52° F, Humidity: 92%, Wind: NNW 3 mph"
2018_13_DEN_CIN,Dry,"Sunny Temp: 63° F, Humidity: 49%, Wind: SSW 12 mph"
2018_13_IND_JAX,Dry,"Cloudy Temp: 78° F, Wind: Southwest 13 MPH mph"
2018_13_KC_OAK,Dry,"Sunny Skies Temp: 57° F, Humidity: 52%, Wind: WSW 6 mph"
2018_13_LAC_PIT,Dry,"Clear Temp: 57° F, Humidity: 55%, Wind: From S 8 mph"
2018_13_MIN_NE,Dry,"Cloudy Temp: 53° F, Humidity: 100%, Wind: WNW 6 mph"
2018_13_NYJ_TEN,Dry,"Sunny Temp: 70° F, Humidity: 26%, Wind: SW 13 mph"
2018_13_SF_SEA,Dry,"Cloudy Temp: 45° F, Humidity: 81%, Wind: S 2 mph"
2018_13_WAS_PHI,Dry,"Cloudy Temp: 36° F, Humidity: 58%, Wind: WNW 15 mph"
2018_14_ATL_GB,Dry,"Cloudy Temp: 25° F, Humidity: 70%, Wind: W-SW 10 mph"
2018_14_BAL_KC,Dry,"Sunny Temp: 27° F, Humidity: 72%, Wind: 0 mph"
2018_14_CAR_CLE,Dry,"Sunny Temp: 28° F, Humidity: 60%, Wind: N 4 mph"
2018_14_CIN_LAC,Dry,"Temp: 71° F, Humidity: 42%, Wind: NNE 2 mph"
2018_14_DEN_SF,Dry,"Overcast Temp: 54° F, Humidity: 72%, Wind: Northwest 3 mph"
2018_14_JAX_TEN,Dry,"Clear Temp: 44° F, Humidity: 43%, Wind: WSW 5 mph"
2018_14_LA_CHI,Dry,"Cloudy Temp: 29° F, Humidity: 70%, Wind: NW 4 mph"
2018_14_MIN_SEA,Dry,"Cloudy Temp: 48° F, Humidity: 76%, Wind: South 9 mph"
2018_14_NE_MIA,Dry,"Mostly Cloudy Temp: 82° F, Humidity: 79%, Wind: SSW 13 mph"
2018_14_NO_TB,Dry,"Cloudy Temp: 71° F, Humidity: 91%, Wind: SW 7 mph"
2018_14_NYG_WAS,Dry,"Cloudy Temp: 33° F, Humidity: 57%, Wind: NNE 6 mph"
2018_14_NYJ_BUF,Dry,"Fair Temp: 31° F, Humidity: 63%, Wind: WSW 12 mph"
2018_14_PIT_OAK,Dry,"Partly Cloudy Temp: 55° F, Humidity: 74%, Wind: NW 8 mph"
2018_15_CLE_DEN,Dry,"Partly Cloudy Temp: 46° F, Humidity: 35%, Wind: 0 mph"
2018_15_DET_BUF,Rain,"Rain shower Temp: 39° F, Humidity: 85%, Wind: NNE 7 mph"
2018_15_GB_CHI,Dry,"Fair Temp: 45° F, Humidity: 63%, Wind: W 10 mph"
2018_15_HOU_NYJ,Dry,"Cloudy Temp: 51° F, Humidity: 85%, Wind: NNE 8 mph"
2018_15_LAC_KC,Dry,"Temp: 39° F, Humidity: 76%, Wind: NW 5 mph"
2018_15_NE_PIT,Dry,"Cloudy Temp: 42° F, Humidity: 90%, Wind: From NNW 5 mph"
2018_15_NO_CAR,Dry,"Clear Skies Temp: 48° F, Humidity: 45%, Wind: WNW 3 mph"
2018_15_OAK_CIN,Dry,"Overcast Temp: 43° F, Humidity: 96%, Wind: N 2 mph"
2018_15_PHI_LA,Dry,"Cloudy Temp: 60° F, Humidity: 79%, Wind: W 5 mph"
2018_15_SEA_SF,Dry,"Cloudy Temp: 61° F, Humidity: 68%, Wind: South 11 mph"
2018_15_TB_BAL,Rain,"Cloudy, Rain Temp: 43° F, Humidity: 97%, Wind: NNW 10-20 mph"
2018_15_TEN_NYG,Rain,"Rain Temp: 40° F, Humidity: 95%, Wind: N 6 mph"
2018_15_WAS_JAX,Dry,"Partly Cloudy Temp: 64° F, Humidity: 58%, Wind: West 12mph mph"
2018_16_ATL_CAR,Dry,"Sunny Temp: 52° F, Humidity: 45%, Wind: WNW 7 mph"
2018_16_BAL_LAC,Dry,"Partly Cloudy Temp: 60° F, Humidity: 89%, Wind: WSW 5 mph"
2018_16_BUF_NE,Dry,"Clear and cold Temp: 40° F, Humidity: 38%, Wind: West 12 mph"
2018_16_CHI_SF,Dry,"Partly Cloudy Temp: 50° F, Humidity: 76%, Wind: 5 mph"
2018_16_CIN_CLE,Dry,"Cloudy Temp: 37° F, Humidity: 76%, Wind: South 9 mph"
2018_16_DEN_OAK,Rain,"Rain Temp: 58° F, Humidity: 80%, Wind: West 14 mph"
2018_16_GB_NYJ,Dry,"Sunny Temp: 43° F, Humidity: 48%, Wind: WNW 8 mph"
2018_16_HOU_PHI,Dry,"Clear Temp: 44° F, Humidity: 44%, Wind: W 5 mph"
2018_16_JAX_MIA,Dry,"Sunny Temp: 73° F, Humidity: 49%, Wind: NNE 9 mph"
2018_16_KC_SEA,Dry,"Cloudy Temp: 43° F, Humidity: 82%, Wind: SSE 8 mph"
2018_16_WAS_TEN,Dry,"Sunny Temp: 51° F, Humidity: 48%, Wind: S 9 mph"
2018_17_ARI_SEA,Dry,"Cloudy Temp: 45° F, Humidity: 76%, Wind: SE 5 mph"
2018_17_ATL_TB,Dry,"Cloudy Temp: 80° F, Humidity: 73%, Wind: SSW 5 mph"
2018_17_CIN_PIT,Dry,"Partly Cloudy Temp: 42° F, Humidity: 63%, Wind: From SW 9 mph"
2018_17_CLE_BAL,Dry,"Partly Cloudy Temp: 48° F, Humidity: 59%, Wind: SSW 2 mph"
2018_17_DAL_NYG,Dry,"Cloudy Temp: 37° F, Humidity: 70%, Wind: West 2 mph"
2018_17_DET_GB,Dry,"Cloudy Temp: 26° F, Humidity: 70%, Wind: SW 15 mph"
2018_17_IND_TEN,Dry,"Clear Temp: 53° F, Humidity: 67%, Wind: S 4 mph"
2018_17_LAC_DEN,Dry,"Mostly Cloudy Temp: 51° F, Humidity: 22%, Wind: North 6 mph"
2018_17_MIA_BUF,Dry,"Cloudy Temp: 33° F, Humidity: 75%, Wind: WSW 9 mph"
2018_17_NYJ_NE,Dry,"Sunny and cold Temp: 33° F, Humidity: 42%, Wind: SE 2 mph"
2018_17_OAK_KC,Dry,"Sunny Temp: 45° F, Humidity: 43%, Wind: South 15 mph"
2018_17_PHI_WAS,Dry,"Sunny Temp: 46° F, Humidity: 62%, Wind: S 3 mph"
2018_17_SF_LA,Dry,"Sunny Temp: 65° F, Humidity: 30%, Wind: WSW 3 mph"
2018_18_LAC_BAL,Dry,"Sunny Temp: 52° F, Humidity: 58%, Wind: WNW 12 mph"
2018_18_PHI_CHI,Dry,"Mostly Cloudy Temp: 39° F, Humidity: 68%, Wind: ENE 12 mph"
2018_19_DAL_LA,Dry,"Cloudy Temp: 57° F, Humidity: 74%, Wind: SSW 1 mph"
2018_19_IND_KC,Dry,"Temp: 32° F, Humidity: 85%, Wind: Northwest 13 mph"
2018_19_LAC_NE,Dry,"Sunny and cold Temp: 26° F, Humidity: 43%, Wind: NNE 3 mph"
2018_20_NE_KC,Dry,"Cloudy Temp: 19° F, Humidity: 67%, Wind: NE 14 mph"
2015_01_BAL_DEN,Dry,"Partly Sunny Temp: 88° F, Humidity: 8%, Wind: NW 13 mph"
2015_01_CAR_JAX,Maybe,"0% Chance of Rain Temp: 77° F, Humidity: 55%, Wind: North 7 mph mph"
2015_01_CIN_OAK,Dry,"Cloudy Temp: 73° F, Humidity: 59%, Wind: WNW 9 mph"
2015_01_CLE_NYJ,Dry,"Cloudy Temp: 77° F, Humidity: 49%, Wind: SW 8 mph"
2015_01_DET_SD,Dry,"Sunny Temp: 84° F, Humidity: 47%, Wind: 10 WSW mph"
2015_01_GB_CHI,Dry,"Mostly sunny, temps to low 70's Temp: 68° F, Humidity: 39%, Wind: WNW 11 mph"
2015_01_IND_BUF,Dry,"Cloudy Temp: 56° F, Humidity: 78%, Wind: W 15 mph"
2015_01_MIA_WAS,Dry,"Partly Cloudy Temp: 69° F, Humidity: 58%, Wind: NW 10 mph"
2015_01_MIN_SF,Dry,"Partly Cloudy Temp: 70° F, Humidity: 63%, Wind: S 5 mph"
2015_01_PIT_NE,Rain,"Rainy and cool Temp: 65° F, Wind: East 7 mph"
2015_01_TEN_TB,Dry,"Cloudy Temp: 84° F, Humidity: 66%, Wind: NNE 8 mph"
2015_02_ARI_CHI,Dry,"Mostly sunny Temp: 70° F, Humidity: 47%, Wind: S 6 mph"
2015_02_ATL_NYG,Dry,"Mostly Cloudy Temp: 73° F, Humidity: 47%, Wind: North 9 mph"
2015_02_BAL_OAK,Dry,"Sunny Temp: 80° F, Humidity: 32%, Wind: WNW 8 mph"
2015_02_DAL_PHI,Dry,"Partly Cloudy Temp: 77° F, Humidity: 37%, Wind: NNE 15 mph"
2015_02_DEN_KC,Dry,"Cloudy Temp: 87° F, Humidity: 59%, Wind: South 13 mph"
2015_02_DET_MIN,Dry,"Partly Cloudy Temp: 67° F, Wind: mph"
2015_02_HOU_CAR,Dry,"Sunny Temp: 88° F, Humidity: 43%, Wind: NE 6 mph"
2015_02_MIA_JAX,Maybe,"Zero Percent Chance of Rain Temp: 87° F, Humidity: 55%, Wind: East 5 mph"
2015_02_NE_BUF,Dry,"Sunny, some clouds Temp: 62° F, Humidity: 57%, Wind: N 7 mph"
2015_02_SD_CIN,Dry,"Partly Cloudy Temp: 69° F, Humidity: 47%, Wind: NE 6 mph"
2015_02_SEA_GB,Dry,"Clear Temp: 62° F, Humidity: 52%, Wind: South East 9 mph"
2015_02_SF_PIT,Dry,"Partly Cloudy Temp: 66° F, Humidity: 60%, Wind: From NNE 10 mph"
2015_02_STL_WAS,Dry,"Cloudy Temp: 72° F, Humidity: 56%, Wind: N 9 mph"
2015_02_TEN_CLE,Dry,"Sunny Temp: 64° F, Humidity: 59%, Wind: NE 12 mph"
2015_03_BUF_MIA,Dry,"Mostly Cloudy Temp: 87° F, Humidity: 65%, Wind: SE 6 mph"
2015_03_CHI_SEA,Dry,"Sunny Temp: 60° F, Humidity: 53%, Wind: NE 5 mph"
2015_03_CIN_BAL,Dry,"Cloudy Temp: 70° F, Humidity: 20%, Wind: ENE 12 mph"
2015_03_IND_TEN,Dry,"Cloudy Temp: 74° F, Humidity: 77%, Wind: ENE 3 mph"
2015_03_JAX_NE,Dry,"Clear and cool Temp: 68° F, Humidity: 41%, Wind: East 6 mph"
2015_03_KC_GB,Light rain,"Light Showers Temp: 67° F, Humidity: 93%, Wind: North 5 mph"
2015_03_NO_CAR,Rain,"Rain Temp: 69° F, Humidity: 90%, Wind: NNE 9 mph"
2015_03_OAK_CLE,Dry,"Partly Cloudy Temp: 75° F, Humidity: 62%, Wind: S-SE 16 mph"
2015_03_PHI_NYJ,Dry,"Temp: 66° F, Humidity: 52%, Wind: East 7 mph"
2015_03_SD_MIN,Dry,"Sunny Temp: 75° F, Wind: South 12 mph"
2015_03_WAS_NYG,Dry,"Clear Temp: 71° F, Humidity: 60%, Wind: SSW 4 mph"
2015_04_BAL_PIT,Dry,"Cloudy Temp: 63° F, Humidity: 62%, Wind: From ENE 8 mph"
2015_04_CAR_TB,Dry,"Cloudy Temp: 74° F, Humidity: 92%, Wind: NE 5 mph"
2015_04_CLE_SD,Dry,"Cloudy Temp: 68° F, Humidity: 78%, Wind: WNW 11 mph"
2015_04_DET_SEA,Dry,"Sunny Temp: 74° F, Humidity: 41%, Wind: North 8 mph"
2015_04_GB_SF,Dry,"Sunny Temp: 74° F, Humidity: 36%, Wind: Southeast 5 mph"
2015_04_JAX_IND,Dry,"Partly cloudy Temp: 62° F, Humidity: 72%, Wind: NE 9 mph"
2015_04_KC_CIN,Dry,"Sunny Temp: 68° F, Humidity: 64%, Wind: E 5 mph"
2015_04_MIN_DEN,Dry,"Cloudy Temp: 60° F, Humidity: 57%, Wind: NE 9 mph"
2015_04_NYG_BUF,Dry,"Mostly cloudy Temp: 60° F, Humidity: 66%, Wind: E 8 mph"
2015_04_NYJ_MIA,Dry,"Sunny Temp: 59° F, Humidity: 63%, Wind: SSE 5 mph"
2015_04_OAK_CHI,Dry,"Cloudy Temp: 55° F, Humidity: 83%, Wind: NE 12 mph"
2015_04_PHI_WAS,Dry,"Cloudy Temp: 58° F, Humidity: 82%, Wind: NE 13 mph"
2015_05_BUF_TEN,Dry,"Sunny Temp: 67° F, Humidity: 58%, Wind: NNE 5 mph"
2015_05_CHI_KC,Dry,"Sunny Temp: 72° F, Humidity: 51%, Wind: South-Southwest 10 mph"
2015_05_CLE_BAL,Dry,"Mostly Sunny Temp: 65° F, Humidity: 48%, Wind: SSW 2 mph"
2015_05_DEN_OAK,Dry,"Sunny Temp: 72° F, Humidity: 59%, Wind: W 10 mph mph"
2015_05_JAX_TB,Dry,"Clear Temp: 84° F, Humidity: 55%, Wind: NW 9 mph"
2015_05_NO_PHI,Dry,"Clear Temp: 67° F, Humidity: 54%, Wind: SW 6 mph"
2015_05_PIT_SD,Dry,"Partly Cloudy Temp: 93° F, Humidity: 32%, Wind: WNW 10 mph"
2015_05_SEA_CIN,Dry,"Sunny Temp: 66° F, Humidity: 59%, Wind: SW 3 mph"
2015_05_SF_NYG,Dry,"Clear Temp: 61° F, Humidity: 59%, Wind: SSW 4 mph"
2015_05_STL_GB,Dry,"Clear Temp: 67° F, Humidity: 61%, Wind: SW 15 mph"
2015_06_ARI_PIT,Dry,"Partly Cloudy Temp: 45° F, Humidity: 47%, Wind: From W 12 mph"
2015_06_BAL_SF,Dry,"Partly Sunny Temp: 69° F, Humidity: 60%, Wind: N 7 mph"
2015_06_CAR_SEA,Dry,"Cloudy Temp: 61° F, Humidity: 85%, Wind: SSE 5 mph"
2015_06_CIN_BUF,Dry,"Cloudy Temp: 40° F, Humidity: 73%, Wind: NE 4 mph"
2015_06_DEN_CLE,Dry,"Sunny Temp: 47° F, Humidity: 52%, Wind: NW 20 mph"
2015_06_HOU_JAX,Maybe,"No chance of rain Temp: 73° F, Humidity: 55%, Wind: NE 18 mph"
2015_06_KC_MIN,Dry,"Sunny Temp: 54° F, Wind: SSW 10 mph"
2015_06_MIA_TEN,Dry,"Sunny Temp: 56° F, Humidity: 39%, Wind: S 8 mph"
2015_06_NYG_PHI,Dry,"Clear Temp: 44° F, Humidity: 49%, Wind: SSW 6 mph"
2015_06_SD_GB,Dry,"Clear Temp: 54° F, Humidity: 35%, Wind: S 12 mph"
2015_06_WAS_NYJ,Dry,"Temp: 49° F, Humidity: 30%, Wind: WNW 16 mph"
2015_07_ATL_TEN,Dry,"Cloudy Temp: 59° F, Humidity: 95%, Wind: NE 8 mph"
2015_07_BUF_JAX,Dry,"Sunny Intervals Temp: 48° F, Humidity: 74%, Wind: NNW 2 mph"
2015_07_DAL_NYG,Dry,"Mostly Cloudy Temp: 71° F, Humidity: 40%, Wind: NNW 14 mph"
2015_07_HOU_MIA,Dry,"Cloudy Temp: 84° F, Humidity: 62%, Wind: ESE 13 mph"
2015_07_NO_IND,Dry,"Mostly cloudy Temp: 55° F, Humidity: 56%, Wind: NNE 12 mph"
2015_07_NYJ_NE,Dry,"Cloudy Temp: 58° F, Humidity: 80%, Wind: SW 9 mph"
2015_07_OAK_SD,Dry,"Sunny Temp: 77° F, Humidity: 48%, Wind: SW 4 mph"
2015_07_PHI_CAR,Dry,"Cloudy Temp: 71° F, Humidity: 80%, Wind: 0 mph"
2015_07_PIT_KC,Dry,"Sunny Temp: 58° F, Humidity: 57%, Wind: East Notheast 7 mph"
2015_07_SEA_SF,Dry,"Mostly Sunny Temp: 75° F, Humidity: 40%, Wind: NW 8 mph"
2015_07_TB_WAS,Dry,"Sunny Temp: 64° F, Humidity: 87%, Wind: W 5 mph"
2015_08_ARI_CLE,Dry,"Sunny Temp: 62° F, Humidity: 58%, Wind: SW 21 mph"
2015_08_CIN_PIT,Dry,"Cloudy Temp: 62° F, Humidity: 71%, Wind: From WSW 11 mph"
2015_08_DET_KC,Dry,"Temp: 50° F, Humidity: 91%, Wind: NNE 2 mph"
2015_08_GB_DEN,Dry,"Partly Cloudy Temp: 61° F, Humidity: 23%, Wind: SW 9 mph"
2015_08_IND_CAR,Light rain,"Light Rain Temp: 60° F, Humidity: 100%, Wind: ENE 7 mph"
2015_08_MIA_NE,Dry,"Cloudy and Windy Temp: 58° F, Humidity: 39%, Wind: WSW 10 mph"
2015_08_MIN_CHI,Dry,"Sunny Temp: 62° F, Humidity: 42%, Wind: W 11 mph"
2015_08_NYJ_OAK,Dry,"Partly Cloudy Temp: 68° F, Humidity: 70%, Wind: South 8 mph"
2015_08_SD_BAL,Dry,"Cloudy Temp: 63° F, Humidity: 72%, Wind: wsw 10 mph"
2015_09_ATL_SF,Dry,"Cloudy Temp: 58° F, Humidity: 84%, Wind: Calm 0 mph"
2015_09_CHI_SD,Dry,"Cloudy Temp: 63° F, Humidity: 67%, Wind: W 9 mph"
2015_09_CLE_CIN,Dry,"Cloudy Temp: 71° F, Humidity: 61%, Wind: S 4 mph"
2015_09_DEN_IND,Dry,"Sunny Temp: 54° F, Humidity: 32%, Wind: ESE 5 mph"
2015_09_GB_CAR,Dry,"Cloudy Temp: 57° F, Humidity: 50%, Wind: ENE 10 mph"
2015_09_JAX_NYJ,Dry,"Sunny Temp: 56° F, Humidity: 36%, Wind: WNW 10 MPH mph"
2015_09_MIA_BUF,Dry,"Sunny with some clouds Temp: 49° F, Humidity: 55%, Wind: W 7 mph"
2015_09_NYG_TB,Dry,"Cloudy Temp: 80° F, Humidity: 90%, Wind: SW 3 mph"
2015_09_OAK_PIT,Dry,"Sunny Temp: 54° F, Humidity: 38%, Wind: From NE 5 mph"
2015_09_STL_MIN,Dry,"Sunny Temp: 51° F, Wind: South 14 mph, Gusting to 26 mph"
2015_09_WAS_NE,Dry,"Sunny Temp: 54° F, Humidity: 34%, Wind: WNW 12 mph"
2015_10_ARI_SEA,Dry,"Partly cloudy Temp: 49° F, Humidity: 63%, Wind: Calm mph"
2015_10_BUF_NYJ,Dry,"Cloudly Temp: 60° F, Humidity: 75%, Wind: WSW 16 MPH mph"
2015_10_CAR_TEN,Dry,"Cloudy Temp: 57° F, Humidity: 24%, Wind: SSE 2mph mph"
2015_10_CLE_PIT,Dry,"Sunny Temp: 61° F, Humidity: 32%, Wind: From SW 12 mph"
2015_10_DAL_TB,Dry,"Cloudy Temp: 79° F, Humidity: 56%, Wind: E 13 mph"
2015_10_DET_GB,Dry,"Temp: 55° F, Humidity: 59%, Wind: South 7 mph"
2015_10_HOU_CIN,Light rain,"Light Showers Temp: 53° F, Humidity: 60%, Wind: WSW 4 mph"
2015_10_JAX_BAL,Dry,"Partly Cloudy Temp: 60° F, Humidity: 34%, Wind: WSW 10 mph"
2015_10_KC_DEN,Dry,"Temp: 64° F, Humidity: 10%, Wind: NE 5 mph"
2015_10_MIA_PHI,Dry,"Sunny Temp: 59° F, Humidity: 34%, Wind: WSW 13 mph"
2015_10_MIN_OAK,Dry,"Sunny Temp: 62° F, Humidity: 50%, Wind: W 31 mph"
2015_10_NE_NYG,Dry,"Clear Temp: 60° F, Humidity: 31%, Wind: WSW 8 mph"
2015_10_NO_WAS,Dry,"Sunny Temp: 61° F, Humidity: 29%, Wind: SSW 5 mph"
2015_11_BUF_NE,Dry,"Clear and cold Temp: 29° F, Humidity: 40%, Wind: WNW 8 mph"
2015_11_DAL_MIA,Dry,"Mostly Cloudy Temp: 74° F, Humidity: 90%, Wind: NW 10 mph"
2015_11_DEN_CHI,Dry,"Sunny Temp: 29° F, Humidity: 57%, Wind: SSW 9 mph"
2015_11_GB_MIN,Dry,"Mostly Cloudy Temp: 30° F, Wind: South 8 mph"
2015_11_KC_SD,Dry,"Sunny Temp: 87° F, Humidity: 12%, Wind: NNW 4 mph"
2015_11_SF_SEA,Dry,"Sunny Temp: 46° F, Humidity: 60%, Wind: N 6 mph"
2015_11_STL_BAL,Dry,"Partly Cloudy Temp: 47° F, Humidity: 39%, Wind: NNW 14 mph"
2015_11_TB_PHI,Dry,"Cloudy Temp: 48° F, Humidity: 41%, Wind: NW 15 mph"
2015_11_TEN_JAX,Dry,"Temp: 75° F, Humidity: 90%, Wind: West 5 mph"
2015_11_WAS_CAR,Dry,"Mostly Sunny Temp: 50° F, Humidity: 63%, Wind: North 8 mph"
2015_12_ARI_SF,Dry,"Sunny Temp: 54° F, Humidity: 40%, Wind: WEST-SOUTHWEST 4 mph"
2015_12_BAL_CLE,Dry,"Clear Temp: 45° F, Humidity: 58%, Wind: east 9 mph"
2015_12_BUF_KC,Rain,"Cloudy and rainy Temp: 35° F, Humidity: 99%, Wind: Northeast 7 mph"
2015_12_CHI_GB,Rain,"Rain Temp: 39° F, Humidity: 92%, Wind: North 19 mph"
2015_12_MIA_NYJ,Dry,"Temp: 45° F, Humidity: 44%, Wind: NNE 5 MPH mph"
2015_12_NE_DEN,Snow,"Cloudy with light snow. Temp: 23° F, Humidity: 75%, Wind: NE 3 mph"
2015_12_NYG_WAS,Dry,"Cloudy Temp: 46° F, Humidity: 93%, Wind: NNE 5 mph"
2015_12_OAK_TEN,Rain,"Rain Temp: 56° F, Humidity: 100%, Wind: NE 4 mph"
2015_12_PIT_SEA,Dry,"Cloudy Temp: 38° F, Humidity: 80%, Wind: W 2 mph"
2015_12_SD_JAX,Dry,"Temp: 75° F, Humidity: 60%, Wind: NE 8 mph"
2015_12_STL_CIN,Dry,"Cloudy Temp: 41° F, Humidity: 88%, Wind: NNE 8 mph"
2015_13_ATL_TB,Dry,"Cloudy Temp: 79° F, Humidity: 63%, Wind: ENE 18 mph"
2015_13_BAL_MIA,Dry,"Cloudy Temp: 80° F, Humidity: 70%, Wind: NE 21 mph"
2015_13_CIN_CLE,Dry,"Sunny Temp: 45° F, Humidity: 63%, Wind: South 12 mph"
2015_13_DAL_WAS,Dry,"Clear Temp: 41° F, Humidity: 75%, Wind: Calm 0 mph"
2015_13_DEN_SD,Dry,"Sunny Temp: 78° F, Humidity: 13%, Wind: W 4 mph"
2015_13_HOU_BUF,Dry,"Partly cloudy Temp: 47° F, Humidity: 65%, Wind: WSW 8 mph"
2015_13_IND_PIT,Dry,"Partly Cloudy Temp: 37° F, Humidity: 74%, Wind: From SSE 2 mph"
2015_13_JAX_TEN,Dry,"Cloudy Temp: 56° F, Humidity: 50%, Wind: SE 1 mph"
2015_13_KC_OAK,Dry,"Overcast Temp: 57° F, Humidity: 95%, Wind: N 3 mph"
2015_13_NYJ_NYG,Dry,"Sunny Temp: 51° F, Humidity: 50%, Wind: South 8 mph"
2015_13_PHI_NE,Dry,"Clear Temp: 52° F, Humidity: 49%, Wind: SW 5 mph"
2015_13_SEA_MIN,Dry,"Cloudy Temp: 37° F, Humidity: 86%, Wind: West 3 mph"
2015_13_SF_CHI,Dry,"Sunny Temp: 50° F, Humidity: 55%, Wind: S 5 mph"
2015_14_ATL_CAR,Dry,"Sunny Temp: 63° F, Humidity: 93%, Wind: S 6 mph"
2015_14_BUF_PHI,Dry,"Partly Cloudy Temp: 66° F, Humidity: 68%, Wind: SE 3 mph"
2015_14_DAL_GB,Rain,"Rain Temp: 53° F, Humidity: 100%, Wind: South East 10 mph"
2015_14_IND_JAX,Dry,"Temp: 79° F, Humidity: 66%, Wind: E 5 mph"
2015_14_MIN_ARI,Dry,"Temp: 68° F, Humidity: 26%, Wind: West 1 mph"
2015_14_NO_TB,Dry,"Cloudy Temp: 81° F, Humidity: 63%, Wind: E 15 mph"
2015_14_NYG_MIA,Dry,"Clear Temp: 77° F, Humidity: 78%, Wind: 6 SSE mph"
2015_14_OAK_DEN,Dry,"Partly Cloudy Temp: 45° F, Humidity: 33%, Wind: W 2 mph"
2015_14_PIT_CIN,Dry,"Cloudy Temp: 63° F, Humidity: 79%, Wind: South 8 mph"
2015_14_SD_KC,Rain,"Cloudy with rain Temp: 61° F, Humidity: 97%, Wind: ESE 14 mph"
2015_14_SEA_BAL,Dry,"Partly Cloudy Temp: 65° F, Humidity: 70%, Wind: S 2 mph"
2015_14_SF_CLE,Dry,"Overcast Temp: 63° F, Humidity: 75%, Wind: South 11 mph"
2015_14_TEN_NYJ,Dry,"Temp: 67° F, Humidity: 55%, Wind: 5 mph"
2015_14_WAS_CHI,Maybe,"Cloudy, chance of rain increasing up to 75% during game. Temp: 62° F, Humidity: 80%, Wind: SSE 12 mph"
2015_15_ARI_PHI,Dry,"Partly Cloudy Temp: 37° F, Humidity: 54%, Wind: S 4 mph"
2015_15_ATL_JAX,Dry,"Temp: 65° F, Humidity: 60%, Wind: NE 8 mph"
2015_15_BUF_WAS,Dry,"Sunny Temp: 43° F, Humidity: 30%, Wind: West 3 mph"
2015_15_CAR_NYG,Dry,"Sunny Temp: 41° F, Humidity: 37%, Wind: WNW 8 mph"
2015_15_CHI_MIN,Dry,"Cloudy Temp: 36° F, Wind: North 3 mph"
2015_15_CIN_SF,Dry,"Cloudy Temp: 52° F, Humidity: 63%, Wind: East-Southeast 14 mph"
2015_15_CLE_SEA,Dry,"Cloudy Temp: 47° F, Humidity: 56%, Wind: S 10 mph"
2015_15_DEN_PIT,Dry,"Partly Cloudy Temp: 41° F, Humidity: 35%, Wind: From SSE 8 mph"
2015_15_GB_OAK,Dry,"Cloudy Temp: 54° F, Humidity: 70%, Wind: SSE 18 mph"
2015_15_KC_BAL,Dry,"Sunny Temp: 41° F, Humidity: 35%, Wind: West 5 mph"
2015_15_MIA_SD,Dry,"Fair Temp: 61° F, Humidity: 49%, Wind: WSW 11 mph"
2015_15_TEN_NE,Dry,"Sunny Temp: 40° F, Humidity: 41%, Wind: West 12 mph"
2015_16_CHI_TB,Dry,"Cloudy Temp: 83° F, Humidity: 59%, Wind: SE 13 mph"
2015_16_CIN_DEN,Dry,"Mostly Cloudy Temp: 16° F, Humidity: 75%, Wind: NE 6 mph"
2015_16_CLE_KC,Dry,"Cloudy Temp: 36° F, Humidity: 91%, Wind: N-NE 16 mph"
2015_16_DAL_BUF,Rain,"Rain showers Temp: 39° F, Humidity: 83%, Wind: NNW 11 mph"
2015_16_HOU_TEN,Dry,"Cloudy Temp: 73° F, Humidity: 75%, Wind: S 15 mph"
2015_16_IND_MIA,Dry,"Partly Cloudy Temp: 82° F, Humidity: 69%, Wind: ESE 15 mph"
2015_16_NE_NYJ,Dry,"Cloudy Temp: 57° F, Humidity: 83%, Wind: WSW 11-18 MPH mph"
2015_16_NYG_MIN,Dry,"Partly Cloudy Temp: 13° F, Wind: Northwest 8 mph"
2015_16_PIT_BAL,Dry,"Overcast Temp: 64° F, Humidity: 87%, Wind: SW 9 mph"
2015_16_SD_OAK,Dry,"Partly Cloudy Temp: 47° F, Humidity: 70%, Wind: WNW 25 mph"
2015_16_STL_SEA,Dry,"Cloudy Temp: 37° F, Humidity: 86%, Wind: 0 mph"
2015_16_WAS_PHI,Dry,"Cloudy Temp: 52° F, Humidity: 72%, Wind: ENE 6 mph"
2015_17_BAL_CIN,Dry,"Mostly Cloudy Temp: 35° F, Humidity: 67%, Wind: W 7 mph"
2015_17_DET_CHI,Dry,"Cloudy Temp: 31° F, Humidity: 67%, Wind: NW 15 mph"
2015_17_MIN_GB,Dry,"Cloudy Temp: 24° F, Humidity: 70%, Wind: West 11 mph"
2015_17_NE_MIA,Dry,"Cloudy Temp: 80° F, Humidity: 65%, Wind: North 7 mph"
2015_17_NYJ_BUF,Dry,"CLOUDY Temp: 35° F, Humidity: 70%, Wind: WSW 21 mph"
2015_17_OAK_KC,Dry,"Sunny Temp: 37° F, Humidity: 56%, Wind: North 9 mph"
2015_17_PHI_NYG,Dry,"Sunny Temp: 45° F, Humidity: 38%, Wind: West 17 mph"
2015_17_PIT_CLE,Dry,"Cloudy Temp: 34° F, Humidity: 75%, Wind: West 18 mph"
2015_17_SD_DEN,Dry,"Mostly Sunny Temp: 50° F, Humidity: 21%, Wind: N 5 mph"
2015_17_STL_SF,Dry,"Partly Cloudy Temp: 53° F, Humidity: 59%, Wind: North Northwest 6 mph"
2015_17_TB_CAR,Dry,"Partly Cloudy Temp: 54° F, Humidity: 31%, Wind: NW 4 mph"
2015_18_GB_WAS,Dry,"Cloudy Temp: 61° F, Humidity: 47%, Wind: SW 14 mph"
2015_18_PIT_CIN,Light rain,"Light Drizzle Temp: 51° F, Humidity: 82%, Wind: SE 5 mph"
2015_18_SEA_MIN,Dry,"Clear Temp: -6° F, Wind: West 12 mph"
2015_19_KC_NE,Dry,"Partly Cloudy Temp: 38° F, Humidity: 86%, Wind: WNW 6 mph"
2015_19_PIT_DEN,Dry,"Sunny, Gusts to 16 mph. Temp: 43° F, Humidity: 36%, Wind: NW 9 mph"
2015_19_SEA_CAR,Dry,"Partly Cloudy Temp: 43° F, Humidity: 65%, Wind: NNE 7 mph"
2015_20_ARI_CAR,Dry,"Clear Temp: 39° F, Humidity: 39%, Wind: SW 4 mph"
2015_20_NE_DEN,Dry,"Mostly Sunny - Gusts to 12 mph Temp: 46° F, Humidity: 36%, Wind: N 6 mph"
2015_21_CAR_DEN,Dry,"Sunny Temp: 76° F, Humidity: 23%, Wind: Northwest 16 mph"
2024_01_ARI_BUF,Dry,"Clouds and sun with wind Temp: 61° F, Humidity: 55%, Wind: W 20 mph"
2024_01_BAL_KC,Dry,"Temp: 67° F, Humidity: 53%, Wind: NE 8 mph"
2024_01_DAL_CLE,Dry,"Sunny Temp: 68° F, Humidity: 41%, Wind: W 15 mph"
2024_01_DEN_SEA,Dry,"Mostly Cloudy Temp: 73° F, Humidity: 72%, Wind: S 7 mph"
2024_01_GB_PHI,Dry,"Temp: 63° F, Humidity: 87%, Wind: SE 4 mph"
2024_01_JAX_MIA,Dry,"Partly Cloudy Temp: 91° F, Humidity: 57%, Wind: SE 10 mph"
2024_01_MIN_NYG,Dry,"A few clouds Temp: 64° F, Humidity: 48%, Wind: NW 10 mph"
2024_01_NE_CIN,Dry,"Sunny Temp: 66° F, Humidity: 40%, Wind: NNE 5 mph"
2024_01_NYJ_SF,Dry,"Sunny Temp: 76° F, Humidity: 60%, Wind: NE 10 mph"
2024_01_TEN_CHI,Dry,"Mostly Sunny Temp: 67° F, Humidity: 43%, Wind: W 8 mph"
2024_01_WAS_TB,Dry,"Cloudy Temp: 93° F, Humidity: 60%, Wind: SW 6 mph"
2024_02_ATL_PHI,Dry,"Cloudy Temp: 71° F, Humidity: 72%, Wind: E 9 mph"
2024_02_BUF_MIA,Dry,"Partly Cloudy Temp: 86° F, Humidity: 79%, Wind: S 3 mph"
2024_02_CIN_KC,Dry,"Temp: 89° F, Humidity: 44%, Wind: SE 8 mph"
2024_02_CLE_JAX,Dry,"Temp: 80° F, Humidity: 78%, Wind: N 12 mph"
2024_02_IND_GB,Dry,"Sunny Temp: 85° F, Humidity: 58%, Wind: S 7 mph"
2024_02_LAC_CAR,Dry,"Cloudy Temp: 78° F, Humidity: 66%, Wind: ENE 13 mph"
2024_02_LV_BAL,Dry,"Clear Temp: 78° F, Humidity: 52%, Wind: E 10 mph"
2024_02_NYG_WAS,Dry,"Sunny Temp: 82° F, Humidity: 49%, Wind: E 11 mph"
2024_02_NYJ_TEN,Dry,"Cloudy Temp: 80° F, Humidity: 51%, Wind: S 13 mph"
2024_02_PIT_DEN,Dry,"Partly Cloudy Temp: 88° F, Humidity: 20%, Wind: N 6 mph"
2024_02_SEA_NE,Dry,"Sunny Temp: 77° F, Humidity: 50%, Wind: W 5 mph"
2024_03_DEN_TB,Dry,"Cloudy Temp: 87° F, Humidity: 53%, Wind: NE 5 mph"
2024_03_GB_TEN,Dry,"Cloudy Temp: 87° F, Humidity: 52%, Wind: N 8 mph"
2024_03_JAX_BUF,Dry,"Cloudy Temp: 68° F, Humidity: 87%, Wind: S 5 mph"
2024_03_LAC_PIT,Dry,"Partly Cloudy Temp: 78° F, Humidity: 68%, Wind: SE 2 mph"
2024_03_MIA_SEA,Dry,"Cloudy Temp: 64° F, Humidity: 66%, Wind: SW 2 mph"
2024_03_NE_NYJ,Dry,"Cloudy and Warm Temp: 75° F, Humidity: 63%, Wind: N 5 mph"
2024_03_NYG_CLE,Dry,"Cloudy Temp: 76° F, Humidity: 62%, Wind: E 4 mph"
2024_03_WAS_CIN,Dry,"Cloudy Temp: 69° F, Humidity: 67%, Wind: N 5 mph"
2024_04_BUF_BAL,Dry,"Cloudy Temp: 68° F, Humidity: 89%, Wind: NE 8 mph"
2024_04_CIN_CAR,Dry,"Mostly Cloudy Temp: 78° F, Humidity: 75%, Wind: SSW 6 mph"
2024_04_DAL_NYG,Dry,"Overcast Temp: 74° F, Humidity: 88%, Wind: SW 3 mph"
2024_04_DEN_NYJ,Rain,"Rain and High 60s Temp: 67° F, Humidity: 79%, Wind: WSW 8 mph"
2024_04_LA_CHI,Dry,"Mostly Cloudy Temp: 70° F, Humidity: 90%, Wind: NNE 16 mph"
2024_04_MIN_GB,Dry,"Sunny Temp: 71° F, Humidity: 68%, Wind: NE 15 mph"
2024_04_NE_SF,Dry,"Sunny Temp: 71° F, Humidity: 59%, Wind: NE 5 mph"
2024_04_PHI_TB,Dry,"Cloudy Temp: 88° F, Humidity: 68%, Wind: S 9 mph"
2024_04_TEN_MIA,Dry,"Partly Cloudy Temp: 86° F, Humidity: 70%, Wind: SE 9 mph"
2024_05_ARI_SF,Dry,"Sunny Temp: 89° F, Humidity: 31%, Wind: NE 3 mph"
2024_05_BAL_CIN,Dry,"Mostly sunny Temp: 81° F, Humidity: 57%, Wind: SW 10 mph"
2024_05_CAR_CHI,Dry,"Sunny Temp: 74° F, Humidity: 27%, Wind: W 7 mph"
2024_05_CLE_WAS,Dry,"Sunny Temp: 73° F, Humidity: 54%, Wind: SSW 5 mph"
2024_05_DAL_PIT,Dry,"Cloudy Temp: 67° F, Humidity: 86%, Wind: W 6 mph"
2024_05_IND_JAX,Dry,"Temp: 74° F, Humidity: 90%, Wind: E 4 mph"
2024_05_LV_DEN,Dry,"Sunny Temp: 73° F, Humidity: 22%, Wind: N 7 mph"
2024_05_MIA_NE,Dry,"Sunny Temp: 65° F, Humidity: 57%, Wind: SW 2 mph"
2024_05_NO_KC,Dry,"Temp: 70° F, Humidity: 27%, Wind: NE 0 mph"
2024_05_NYG_SEA,Dry,"Mostly Sunny Temp: 61° F, Humidity: 68%, Wind: SW 3 mph"
2024_05_NYJ_MIN,Dry,"Cloudy Temp: 59° F, Humidity: 77%, Wind: SSE 8 mph"
2024_06_ARI_GB,Rain,"Rain Temp: 50° F, Humidity: 86%, Wind: E 4 mph"
2024_06_ATL_CAR,Dry,"Sunny Temp: 79° F, Humidity: 44%, Wind: SW 9 mph"
2024_06_BUF_NYJ,Dry,"Blustery and Chilly Temp: 49° F, Humidity: 60%, Wind: NW 14 mph"
2024_06_CIN_NYG,Dry,"Fair Temp: 63° F, Humidity: 81%, Wind: NE 2 mph"
2024_06_CLE_PHI,Dry,"Clear Temp: 75° F, Humidity: 45%, Wind: SSW 8 mph"
2024_06_HOU_NE,Dry,"Cloudy Temp: 56° F, Humidity: 53%, Wind: W 5 mph"
2024_06_IND_TEN,Dry,"Sunny Temp: 76° F, Humidity: 52%, Wind: WSW 12 mph"
2024_06_JAX_CHI,Dry,"Partly Cloudy Temp: 54° F, Humidity: 55%, Wind: SSW 3 mph"
2024_06_LAC_DEN,Dry,"Party Cloudy Temp: 65° F, Humidity: 28%, Wind: N 7 mph"
2024_06_SF_SEA,Dry,"Mostly Sunny Temp: 59° F, Humidity: 61%, Wind: N 10 mph"
2024_06_WAS_BAL,Dry,"Clear Temp: 75° F, Humidity: 55%, Wind: SSW 8 mph"
2024_07_BAL_TB,Dry,"Cloudy Temp: 80° F, Humidity: 65%, Wind: NW 8 mph"
2024_07_CAR_WAS,Dry,"Sunny Temp: 76° F, Humidity: 34%, Wind: WNW 2 mph"
2024_07_CIN_CLE,Dry,"Sunny Temp: 62° F, Humidity: 55%, Wind: W 8 mph"
2024_07_HOU_GB,Dry,"Temp: 70° F, Humidity: 43%, Wind: SW 10 mph"
2024_07_KC_SF,Dry,"Sunny Temp: 77° F, Humidity: 24%, Wind: NE 3 mph"
2024_07_NE_JAX,Dry,"Cloudy Temp: 63° F, Humidity: 92%, Wind: SSW 12 mph"
2024_07_NYJ_PIT,Dry,"Clear Temp: 60° F, Humidity: 57%, Wind: WSW 4 mph"
2024_07_PHI_NYG,Dry,"Shallow Fog Temp: 72° F, Humidity: 28%, Wind: W 3 mph"
2024_07_TEN_BUF,Dry,"Sunny Temp: 66° F, Humidity: 49%, Wind: WSW 12 mph"
2024_08_ARI_MIA,Dry,"Partly Cloudy Temp: 82° F, Humidity: 52%, Wind: ENE 14 mph"
2024_08_ATL_TB,Dry,"Cloudy Temp: 79° F, Humidity: 59%, Wind: NE 6 mph"
2024_08_BAL_CLE,Dry,"Sunny Temp: 52° F, Humidity: 50%, Wind: S 4 mph"
2024_08_BUF_SEA,Dry,"Mostly Cloudy Temp: 55° F, Humidity: 82%, Wind: SW 14 mph"
2024_08_CAR_DEN,Dry,"Mostly Cloudy Temp: 76° F, Humidity: 9%, Wind: W 4 mph"
2024_08_CHI_WAS,Dry,"Sunny Temp: 58° F, Humidity: 33%, Wind: NNW 2 mph"
2024_08_DAL_SF,Dry,"Cloudy Temp: 69° F, Humidity: 70%, Wind: NE 9 mph"
2024_08_GB_JAX,Dry,"Temp: 84° F, Humidity: 46%, Wind: S 4 mph"
2024_08_NYG_PIT,Dry,"Clear Temp: 54° F, Humidity: 57%, Wind: SSE 7 mph"
2024_08_NYJ_NE,Dry,"Sunny Temp: 53° F, Humidity: 34%, Wind: E 8 mph"
2024_08_PHI_CIN,Dry,"Sunny Temp: 59° F, Humidity: 37%, Wind: ENE 6 mph"
2024_09_DEN_BAL,Dry,"Clear Temp: 57° F, Humidity: 30%, Wind: ENE 3 mph"
2024_09_DET_GB,Rain,"Rain Temp: 50° F, Humidity: 86%, Wind: E 15 mph"
2024_09_HOU_NYJ,Dry,"Warm. 71 and cloudy Temp: 71° F, Humidity: 65%, Wind: SSW 8 mph"
2024_09_JAX_PHI,Dry,"Clear Temp: 57° F, Humidity: 31%, Wind: NE 6 mph"
2024_09_LAC_CLE,Dry,"Sunny Temp: 57° F, Humidity: 42%, Wind: E 10 mph"
2024_09_LA_SEA,Dry,"Cloudy Temp: 52° F, Humidity: 83%, Wind: SW 4 mph"
2024_09_LV_CIN,Dry,"Sunny Temp: 67° F, Humidity: 41%, Wind: ESE 7 mph"
2024_09_MIA_BUF,Dry,"Sunny Temp: 54° F, Humidity: 38%, Wind: E 9 mph"
2024_09_NE_TEN,Dry,"Cloudy Temp: 75° F, Humidity: 60%, Wind: S 10 mph"
2024_09_NO_CAR,Dry,"Mostly Sunny Temp: 66° F, Humidity: 48%, Wind: 7 mph"
2024_09_TB_KC,Dry,"Temp: 63° F, Humidity: 90%, Wind: NE 6 mph"
2024_09_WAS_NYG,Dry,"Fair Temp: 52° F, Humidity: 35%, Wind: Vrbl 6 mph"
2024_10_CIN_BAL,Dry,"Clear Temp: 69° F, Humidity: 43%, Wind: NNW 6 mph"
2024_10_DEN_KC,Dry,"Temp: 57° F, Humidity: 58%, Wind: West 12 mph"
2024_10_MIN_JAX,Dry,"Temp: 79° F, Humidity: 77%, Wind: ESE 7 mph"
2024_10_NE_CHI,Dry,"Mostly Cloudy Temp: 60° F, Humidity: 78%, Wind: S 6 mph"
2024_10_NYG_CAR,Dry,"Mostly Cloudy Temp: 40° F, Humidity: 90%, Wind: N 3 mph"
2024_10_PIT_WAS,Dry,"Cloudy Temp: 57° F, Humidity: 54%, Wind: SSW 9 mph"
2024_10_SF_TB,Dry,"Cloudy Temp: 85° F, Humidity: 54%, Wind: SE 9 mph"
2024_11_ATL_DEN,Dry,"Sunny Temp: 55° F, Humidity: 12%, Wind: N 9 mph"
2024_11_BAL_PIT,Dry,"Cloudy Temp: 52° F, Humidity: 61%, Wind: SW 5 mph"
2024_11_GB_CHI,Dry,"Mostly Cloudy Temp: 54° F, Humidity: 80%, Wind: SW 5 mph"
2024_11_IND_NYJ,Dry,"Mild and Cloudy Temp: 62° F, Humidity: 32%, Wind: NW 4 mph"
2024_11_KC_BUF,Dry,"Cloudy Temp: 50° F, Humidity: 62%, Wind: SW 3 mph"
2024_11_LA_NE,Dry,"Sunny Temp: 59° F, Humidity: 30%, Wind: SE 9 mph"
2024_11_LV_MIA,Dry,"Cloudy Temp: 80° F, Humidity: 47%, Wind: E 16 mph"
2024_11_MIN_TEN,Dry,"Sunny Temp: 66° F, Humidity: 59%, Wind: SSW 7 mph"
2024_11_SEA_SF,Dry,"Cloudy Temp: 59° F, Humidity: 45%, Wind: S 4 mph"
2024_11_WAS_PHI,Dry,"Clear Temp: 46° F, Humidity: 63%, Wind: W 9 mph"
2024_12_ARI_SEA,Dry,"Cloudy Temp: 45° F, Humidity: 85%, Wind: SE 5 mph"
2024_12_DAL_WAS,Dry,"Sunny Temp: 55° F, Humidity: 49%, Wind: WNW 5 mph"
2024_12_KC_CAR,Dry,"Sunny Temp: 61° F, Humidity: 52%, Wind: SW 5 mph"
2024_12_MIN_CHI,Dry,"Partly Sunny Temp: 47° F, Humidity: 77%, Wind: SSE 5 mph"
2024_12_NE_MIA,Dry,"Sunny Temp: 77° F, Humidity: 51%, Wind: ENE 6 mph"
2024_12_PIT_CLE,Snow,"Light Snow Temp: 36° F, Humidity: 88%, Wind: W 13 mph"
2024_12_SF_GB,Dry,"Cloudy Temp: 43° F, Humidity: 73%, Wind: ENE 12 mph"
2024_12_TB_NYG,Dry,"Mostly Cloudy Temp: 50° F, Humidity: 48%, Wind: W 13 mph"
2024_13_CLE_DEN,Dry,"Clear but cold with no wind Temp: 48° F, Humidity: 39%, Wind: NE 4 mph"
2024_13_HOU_JAX,Dry,"Temp: 56° F, Humidity: 37%, Wind: NW 5 mph"
2024_13_IND_NE,Dry,"Sunny Temp: 36° F, Humidity: 49%, Wind: WSW 9 mph"
2024_13_LV_KC,Dry,"Temp: 37° F, Humidity: 40%, Wind: W 5 mph"
2024_13_MIA_GB,Dry,"Temp: 27° F, Humidity: 63%, Wind: W 10 mph"
2024_13_PHI_BAL,Dry,"Cloudy Temp: 41° F, Humidity: 41%, Wind: W 7 mph"
2024_13_PIT_CIN,Dry,"Partly cloudy Temp: 32° F, Humidity: 43%, Wind: WNW 9 mph"
2024_13_SEA_NYJ,Dry,"Cold and Sunny Temp: 37° F, Humidity: 44%, Wind: W 12 mph"
2024_13_SF_BUF,Snow,"Snow shower Temp: 28° F, Humidity: 79%, Wind: WSW 11 mph"
2024_13_TB_CAR,Dry,"Mostly Sunny Temp: 51° F, Humidity: 41%, Wind: West 7 mph"
2024_13_TEN_WAS,Dry,"Cloudy Temp: 42° F, Humidity: 40%, Wind: WSW 6 mph"
2024_14_CAR_PHI,Dry,"Clear Temp: 55° F, Humidity: 37%, Wind: W 16 mph"
2024_14_CHI_SF,Dry,"Cloudy Temp: 65° F, Humidity: 51%, Wind: NE 4 mph"
2024_14_CLE_PIT,Dry,"Sunny Temp: 49° F, Humidity: 62%, Wind: W 12 mph"
2024_14_JAX_TEN,Dry,"Cloudy Temp: 53° F, Humidity: 44%, Wind: SSW 9 mph"
2024_14_LAC_KC,Dry,"Temp: 50° F, Humidity: 80%, Wind: SW 10 mph"
2024_14_LV_TB,Dry,"Cloudy Temp: 71° F, Humidity: 56%, Wind: SE 4 mph"
2024_14_NO_NYG,Dry,"Fair Temp: 54° F, Humidity: 35%, Wind: W 13 mph"
2024_14_NYJ_MIA,Dry,"Partly Cloudy Temp: 77° F, Humidity: 55%, Wind: E 12 mph"
2024_15_BAL_NYG,Dry,"Fair Temp: 36° F, Humidity: 62%, Wind: E 6 mph"
2024_15_CIN_TEN,Dry,"Cloudy Temp: 52° F, Humidity: 90%, Wind: S 12 mph"
2024_15_DAL_CAR,Dry,"Cloudy Temp: 45° F, Humidity: 77%, Wind: NNE 7 mph"
2024_15_GB_SEA,Dry,"Cloudy Temp: 43° F, Humidity: 77%, Wind: SE 3 mph"
2024_15_IND_DEN,Dry,"Sunny and clear but winds in the 15-20 with gusts up to 30-35, temperatures falling throughout to mid 40s by end of game Temp: 55° F, Humidity: 13%, Wind: SE 15 mph"
2024_15_KC_CLE,Dry,"Cloudy Temp: 40° F, Humidity: 87%, Wind: S 18 mph"
2024_15_LA_SF,Rain,"Rain Temp: 53° F, Humidity: 87%, Wind: NE 4 mph"
2024_15_NYJ_JAX,Dry,"Temp: 73° F, Humidity: 78%, Wind: NE 12 mph"
2024_15_PIT_PHI,Dry,"Partly Cloudy Temp: 37° F, Humidity: 62%, Wind: NE 5 mph"
2024_16_ARI_CAR,Dry,"Sunny Temp: 37° F, Humidity: 52%, Wind: ENE 10 mph"
2024_16_CLE_CIN,Dry,"Mostly sunny Temp: 33° F, Humidity: 56%, Wind: SSE 6 mph"
2024_16_DET_CHI,Dry,"Mostly Cloudy Temp: 29° F, Humidity: 68%, Wind: S 7 mph"
2024_16_HOU_KC,Dry,"Temp: 30° F, Humidity: 60%, Wind: SE 5 mph"
2024_16_LA_NYJ,Dry,"Bitterly cold and sunny Temp: 23° F, Humidity: 47%, Wind: NNW 8 mph"
2024_16_MIN_SEA,Rain,"Rain Temp: 48° F, Humidity: 84%, Wind: SE 5 mph"
2024_16_NE_BUF,Dry,"Sunny Temp: 14° F, Humidity: 54%, Wind: NE 2 mph"
2024_16_NO_GB,Dry,"Temp: 34° F, Humidity: 85%, Wind: N 12 mph"
2024_16_PHI_WAS,Dry,"Sunny Temp: 32° F, Humidity: 36%, Wind: NW 8 mph"
2024_16_PIT_BAL,Dry,"Cloudy Temp: 35° F, Humidity: 32%, Wind: WNW 15 mph"
2024_16_SF_MIA,Dry,"Partly Cloudy Temp: 73° F, Humidity: 61%, Wind: ENE 12 mph"
2024_17_ATL_WAS,Dry,"Cloudy Temp: 58° F, Humidity: 89%, Wind: SSE 10 mph"
2024_17_CAR_TB,Dry,"Cloudy Temp: 76° F, Humidity: 76%, Wind: S 8 mph"
2024_17_DAL_PHI,Dry,"Sunny Temp: 62° F, Humidity: 74%, Wind: S 10 mph"
2024_17_DEN_CIN,Dry,"Cloudy Temp: 60° F, Humidity: 82%, Wind: SE 8 mph"
2024_17_DET_SF,Dry,"Temp: 48° F, Humidity: 79%, Wind: NW 5 mph"
2024_17_IND_NYG,Dry,"Cloudy Temp: 54° F, Humidity: 90%, Wind: E 0 mph"
2024_17_KC_PIT,Dry,"Cloudy Temp: 39° F, Humidity: 82%, Wind: E 2 mph"
2024_17_LAC_NE,Dry,"Mostly cloudy Temp: 40° F, Humidity: 95%, Wind: SSW 4 mph"
2024_17_MIA_CLE,Dry,"Cloudy Temp: 54° F, Humidity: 93%, Wind: S 15 mph"
2024_17_NYJ_BUF,Dry,"Cloudy Temp: 54° F, Humidity: 87%, Wind: SSE 15 mph"
2024_17_SEA_CHI,Dry,"Mostly Cloudy Temp: 47° F, Humidity: 88%, Wind: SE 5 mph"
2024_17_TEN_JAX,Dry,"Temp: 72° F, Humidity: 83%, Wind: SSW 16 mph"
2024_18_BUF_NE,Dry,"Cloudy Temp: 33° F, Humidity: 50%, Wind: WNW 14 mph"
2024_18_CHI_GB,Dry,"Cloudy Temp: 16° F, Humidity: 68%, Wind: NW 13 mph"
2024_18_CIN_PIT,Dry,"Cloudy Temp: 19° F, Humidity: 73%, Wind: W 10 mph"
2024_18_CLE_BAL,Dry,"Clear Temp: 31° F, Humidity: 35%, Wind: W 16 mph"
2024_18_HOU_TEN,Dry,"Cloudy Temp: 35° F, Humidity: 97%, Wind: SW 10 mph"
2024_18_KC_DEN,Snow,"Sunny and clear but with temperatures to remain below freezing throughout the game Temp: 30° F, Humidity: 56%, Wind: SW 5 mph"
2024_18_MIA_NYJ,Dry,"Sunny and Very Cold Temp: 34° F, Humidity: 47%, Wind: WNW 10 mph"
2024_18_NO_TB,Dry,"Clear Temp: 68° F, Humidity: 34%, Wind: SE 6 mph"
2024_18_NYG_PHI,Dry,"Clear Temp: 31° F, Humidity: 37%, Wind: WNW 19 mph"
2024_19_DEN_BUF,Dry,"Cloudy Temp: 32° F, Humidity: 76%, Wind: SSW 10 mph"
2024_19_GB_PHI,Dry,"Cloudy Temp: 40° F, Humidity: 47%, Wind: W 6 mph"
2024_19_PIT_BAL,Dry,"Clear Temp: 32° F, Humidity: 54%, Wind: WNW 12 mph"
2024_19_WAS_TB,Dry,"Cloudy Temp: 58° F, Humidity: 57%, Wind: NE 2 mph"
2024_20_BAL_BUF,Dry,"Cloudy Temp: 19° F, Humidity: 84%, Wind: ENE 4 mph"
2024_20_HOU_KC,Dry,"Temp: 23° F, Humidity: 43%, Wind: NNW 17 mph"
2024_20_LA_PHI,Snow,"Snow Temp: 34° F, Humidity: 67%, Wind: S 8 mph"
2024_21_BUF_KC,Dry,"Temp: 31° F, Humidity: 45%, Wind: W 8 mph"
2024_21_WAS_PHI,Dry,"Cloudy Temp: 40° F, Humidity: 45%, Wind: WNW 11 mph"
2016_01_BUF_BAL,Dry,"Partly Cloudy Temp: 84° F, Humidity: 44%, Wind: NE 8 mph"
2016_01_CAR_DEN,Dry,"Sunny and Clear Temp: 85° F, Humidity: 12%, Wind: East 10 mph"
2016_01_CIN_NYJ,Dry,"Clear Temp: 79° F, Humidity: 40 %, Wind: NW 17 mph gusting to 28 mph"
2016_01_CLE_PHI,Dry,"Partly CLoudy Temp: 85° F, Humidity: 42%, Wind: WNW 14 mph"
2016_01_DET_IND,Dry,"Partly sunny Temp: 76° F, Humidity: 46%, Wind: S 5 mph"
2016_01_GB_JAX,Dry,"Temp: 90° F, Humidity: 55%, Wind: N 3 mph"
2016_01_LA_SF,Dry,"Clear Temp: 66° F, Humidity: 56%, Wind: NW 17 mph"
2016_01_MIA_SEA,Dry,"Sunny Temp: 61° F, Humidity: 68%, Wind: ESE 2 mph"
2016_01_MIN_TEN,Dry,"Sunny Temp: 76° F, Humidity: 47%, Wind: East 5 mph"
2016_01_PIT_WAS,Dry,"Sunny Temp: 79° F, Humidity: 41%, Wind: ESE 4 mph"
2016_01_SD_KC,Dry,"Sunny Temp: 74° F, Humidity: 51%, Wind: South 9 mph"
2016_02_ATL_OAK,Dry,"Sunny Temp: 79° F, Humidity: 41%, Wind: W 7 MPH mph"
2016_02_BAL_CLE,Dry,"Temp: 74° F, Humidity: 70%, Wind: wsw 7 mph"
2016_02_CIN_PIT,Dry,"Cloudy Temp: 72° F, Humidity: 86%, Wind: From SSE 4 mph"
2016_02_DAL_WAS,Dry,"Sunny Temp: 81° F, Humidity: 65%, Wind: South 6 mph"
2016_02_IND_DEN,Dry,"Sunny Temp: 85° F, Humidity: 15%, Wind: East 4 mph"
2016_02_JAX_SD,Dry,"Sunny Temp: 82° F, Humidity: 51%, Wind: WSW 7 mph"
2016_02_MIA_NE,Maybe,"Cloudy, Humid, Chance of Rain Temp: 79° F, Humidity: 66%, Wind: SSW 10 mph"
2016_02_NO_NYG,Dry,"Mostly Cloudy Temp: 80° F, Humidity: 74%, Wind: WSW 5 mph"
2016_02_NYJ_BUF,Dry,"Partly Cloudy Temp: 60° F, Humidity: 65%, Wind: NNE 11 mph"
2016_02_PHI_CHI,Dry,"Mostly Cloudy Temp: 84° F, Humidity: 36%, Wind: SW 5 mph"
2016_02_SEA_LA,Dry,"Sunny Temp: 88° F, Humidity: 39%, Wind: SW 3 MPH mph"
2016_02_SF_CAR,Dry,"Sunny Temp: 82° F, Humidity: 60%, Wind: ENE 4 mph"
2016_03_ARI_BUF,Dry,"Sunny Temp: 64° F, Humidity: 44%, Wind: NNE 8 mph"
2016_03_BAL_JAX,Dry,"Temp: 88° F, Wind: NE 8 mph"
2016_03_CLE_MIA,Dry,"Temp: 86° F, Humidity: 65%, Wind: E 16 mph"
2016_03_DEN_CIN,Dry,"Sunny Temp: 81° F, Humidity: 53%, Wind: S 3 mph"
2016_03_DET_GB,Dry,"Temp: 72° F, Humidity: 84%, Wind: S 17 mph"
2016_03_HOU_NE,Dry,"Clear Temp: 68° F, Humidity: 60%, Wind: South 4 mph"
2016_03_LA_TB,Dry,"Cloudy Temp: 91° F, Humidity: 58%, Wind: NW 4 mph"
2016_03_MIN_CAR,Dry,"Partly Cloudy Temp: 80° F, Humidity: 63%, Wind: N 0 mph"
2016_03_NYJ_KC,Dry,"Temp: 65° F, Humidity: 63%, Wind: Northwest 9 mph"
2016_03_OAK_TEN,Dry,"Sunny Temp: 89° F, Humidity: 49%, Wind: NNE 2 mph"
2016_03_PIT_PHI,Dry,"Sunny Temp: 73° F, Humidity: 39%, Wind: NNE 7 mph"
2016_03_SF_SEA,Dry,"Sunny Temp: 66° F, Humidity: 63%, Wind: NW 6 mph"
2016_03_WAS_NYG,Dry,"Sunny Temp: 67° F, Humidity: 37%, Wind: NNE 2 mph"
2016_04_BUF_NE,Dry,"Cloudy Temp: 56° F, Humidity: 91%, Wind: NNE 7 mph"
2016_04_CLE_WAS,Dry,"Cloudy Temp: 67° F, Humidity: 89%, Wind: NE 1 mph"
2016_04_DAL_SF,Dry,"Cloudy Temp: 68° F, Humidity: 60%, Wind: wsw 10 mph"
2016_04_DEN_TB,Dry,"Cloudy Temp: 88° F, Humidity: 63%, Wind: W 7 mph"
2016_04_DET_CHI,Dry,"Cloudy Temp: 62° F, Humidity: 84%, Wind: WNW 6 mph"
2016_04_IND_JAX,Dry,"Sunny Intervals Temp: 59° F, Humidity: 59%, Wind: SSE 7 mph"
2016_04_KC_PIT,Rain,"Rain Temp: 59° F, Humidity: 80%, Wind: From SW 6 mph"
2016_04_MIA_CIN,Dry,"Mostly Cloudy Temp: 62° F, Humidity: 77%, Wind: NW 2 mph"
2016_04_NO_SD,Dry,"Fair Temp: 74° F, Humidity: 73%, Wind: SSW 8 mph"
2016_04_OAK_BAL,Dry,"Cloudy Temp: 65° F, Humidity: 84%, Wind: Northeast 2 mph"
2016_04_SEA_NYJ,Dry,"Temp: 61° F, Humidity: 77%, Wind: Calm mph"
2016_05_ARI_SF,Dry,"Clear Temp: 75° F, Humidity: 34%, Wind: WNW 16 mph"
2016_05_ATL_DEN,Dry,"Mostly Cloudy Temp: 72° F, Humidity: 18%, Wind: SE 5 mph"
2016_05_BUF_LA,Dry,"Sunny Temp: 91° F, Humidity: 18%, Wind: SW 5 mph mph"
2016_05_CHI_IND,Dry,"Mostly Sunny Temp: 60° F, Humidity: 59%, Wind: N 5 mph"
2016_05_NE_CLE,Dry,"Sunny Temp: 58° F, Humidity: 58%, Wind: North 13 mph"
2016_05_NYG_GB,Dry,"Temp: 49° F, Wind: E 7 mph"
2016_05_NYJ_PIT,Dry,"Partly Cloudy Temp: 57° F, Humidity: 60%, Wind: From NNW 9 mph"
2016_05_SD_OAK,Dry,"Sunny Skies Temp: 75° F, Humidity: 39%, Wind: W 7 mph"
2016_05_TB_CAR,Dry,"Clear Temp: 66° F, Humidity: 35%, Wind: NE 7 mph"
2016_05_TEN_MIA,Dry,"Partly Cloudy Temp: 88° F, Humidity: 53%, Wind: NNE 15 mph"
2016_05_WAS_BAL,Dry,"Partly Cloudy Temp: 62° F, Humidity: 53%, Wind: NNW 16 mph"
2016_06_ATL_SEA,Rain,"Rain Temp: 54° F, Humidity: 83%, Wind: S 10 mph"
2016_06_BAL_NYG,Dry,"Partly Cloudy Temp: 66° F, Humidity: 65%, Wind: SSW 6 mph"
2016_06_CIN_NE,Dry,"Sunny Temp: 66° F, Humidity: 54%, Wind: SW 14 mph"
2016_06_CLE_TEN,Dry,"Sunny Temp: 75° F, Humidity: 70%, Wind: SSW 10 mph"
2016_06_DAL_GB,Dry,"Temp: 69° F, Humidity: 63%, Wind: NE 8 mph"
2016_06_DEN_SD,Dry,"Fair Temp: 70° F, Humidity: 63%, Wind: WNW 9 mph"
2016_06_JAX_CHI,Dry,"Cloudy Temp: 69° F, Humidity: 93%, Wind: SSW 7 mph"
2016_06_KC_OAK,Rain,"Rain Temp: 61° F, Humidity: 100%, Wind: SW 6 mph"
2016_06_PHI_WAS,Dry,"Sunny Temp: 69° F, Humidity: 62%, Wind: SSW 13 mph"
2016_06_PIT_MIA,Dry,"Partly Sunny Temp: 81° F, Humidity: 79%, Wind: ENE 15 mph"
2016_06_SF_BUF,Dry,"Mostly cloudy Temp: 72° F, Humidity: 61%, Wind: SW 22 mph"
2016_07_BAL_NYJ,Dry,"Temp: 58° F, Humidity: 38%, Wind: NNW 36 mph"
2016_07_BUF_MIA,Dry,"Partly Sunny Temp: 81° F, Humidity: 48%, Wind: NNE 11 mph"
2016_07_CHI_GB,Dry,"Temp: 47° F, Humidity: 63%, Wind: N 10 mph"
2016_07_CLE_CIN,Dry,"Sunny Temp: 65° F, Humidity: 50%, Wind: WSW 5 mph"
2016_07_HOU_DEN,Dry,"Partly Cloudy Temp: 71° F, Humidity: 17%, Wind: East 5 mph"
2016_07_IND_TEN,Dry,"Sunny Temp: 68° F, Humidity: 50%, Wind: WSW 5 mph"
2016_07_MIN_PHI,Dry,"Clear Temp: 62° F, Humidity: 46%, Wind: W 20 mph"
2016_07_NE_PIT,Dry,"Sunny Temp: 63° F, Humidity: 54%, Wind: From WSW 13 mph"
2016_07_NO_KC,Dry,"Sunny Temp: 68° F, Humidity: 47%, Wind: Southwest 9 mph"
2016_07_NYG_LA,Dry,"Sunny intervals Temp: 55° F, Humidity: 61%, Wind: SW 12 mph"
2016_07_OAK_JAX,Dry,"Temp: 70° F, Humidity: 47%, Wind: N 6 mph"
2016_07_TB_SF,Dry,"Clear Temp: 68° F, Humidity: 49%, Wind: W 5 mph"
2016_08_ARI_CAR,Dry,"Sunny Temp: 85° F, Humidity: 53%, Wind: SW 5 mph"
2016_08_JAX_TEN,Dry,"Clear Temp: 71° F, Humidity: 78%, Wind: NNW 3 mph"
2016_08_MIN_CHI,Dry,"Cloudy Temp: 58° F, Humidity: 71%, Wind: SSE 12 mph"
2016_08_NE_BUF,Rain,"Rain Temp: 49° F, Humidity: 92%, Wind: N 9 mph"
2016_08_NYJ_CLE,Rain,"Rain Temp: 53° F, Humidity: 91%, Wind: North 15 mph"
2016_08_OAK_TB,Dry,"Clear Temp: 86° F, Humidity: 54%, Wind: ENE 15 mph"
2016_08_SD_DEN,Dry,"Partly Cloudy Temp: 76° F, Humidity: 19%, Wind: SouthEast 6G15 mph"
2016_08_WAS_CIN,Dry,"Cloudy Temp: 54° F, Humidity: 90%, Wind: W 2 mph"
2016_09_ATL_TB,Dry,"Clear Temp: 76° F, Humidity: 70%, Wind: NNW 2 mph"
2016_09_BUF_SEA,Dry,"Cloudy Temp: 61° F, Humidity: 40%, Wind: E 4 mph"
2016_09_CAR_LA,Dry,"Sunny Temp: 75° F, Humidity: 49%, Wind: South 2 mph"
2016_09_DAL_CLE,Dry,"Temp: 58° F, Humidity: 73%, Wind: North 4 mph"
2016_09_DEN_OAK,Dry,"Partly Cloudy Temp: 65° F, Humidity: 79%, Wind: W 6 mph"
2016_09_IND_GB,Dry,"Temp: 68° F, Humidity: 55%, Wind: South 7 mph"
2016_09_JAX_KC,Dry,"Temp: 62° F, Humidity: 51%, Wind: Southeast 7 mph"
2016_09_NO_SF,Dry,"Mostly Sunny Temp: 70° F, Humidity: 60%, Wind: Calm 0 mph"
2016_09_NYJ_MIA,Dry,"Cloudy Temp: 80° F, Humidity: 58%, Wind: NE 14 mph"
2016_09_PHI_NYG,Dry,"Partly Cloudy Temp: 56° F, Humidity: 41%, Wind: West 9 mph"
2016_09_PIT_BAL,Dry,"Partly Cloudy Temp: 65° F, Humidity: 28%, Wind: NW 15 mph"
2016_09_TEN_SD,Dry,"Partly Cloudy Temp: 76° F, Humidity: 48%, Wind: W 6 mph"
2016_10_ATL_PHI,Dry,"Sunny Temp: 58° F, Humidity: 37%, Wind: WSW 10 mph"
2016_10_CHI_TB,Dry,"Cloudy Temp: 81° F, Humidity: 61%, Wind: SSE 4 mph"
2016_10_CIN_NYG,Dry,"Cloudy Temp: 56° F, Humidity: 35%, Wind: WSW 2 mph"
2016_10_CLE_BAL,Dry,"Fair Temp: 54° F, Humidity: 48%, Wind: NW 3 mph"
2016_10_DAL_PIT,Dry,"Sunny Temp: 56° F, Humidity: 29%, Wind: From SW 7 mph"
2016_10_GB_TEN,Dry,"Sunny Temp: 56° F, Humidity: 49%, Wind: East 3 mph"
2016_10_HOU_JAX,Dry,"Temp: 69° F, Wind: N 10 mph"
2016_10_KC_CAR,Dry,"Cloudy Temp: 45° F, Humidity: 76%, Wind: W 6 mph"
2016_10_LA_NYJ,Dry,"Temp: 62° F, Humidity: 18%, Wind: West 7 mph"
2016_10_MIA_SD,Dry,"Sunny Temp: 85° F, Humidity: 18%, Wind: WNW 11 mph"
2016_10_MIN_WAS,Dry,"Sunny Temp: 58° F, Humidity: 24%, Wind: West 7 mph"
2016_10_SEA_NE,Dry,"Clear and cool Temp: 43° F, Humidity: 55%, Wind: SW 3 mph"
2016_11_BUF_CIN,Dry,"Partly Cloudy Temp: 36° F, Humidity: 59%, Wind: WNW 8 mph"
2016_11_CHI_NYG,Dry,"Mostly Cloudy Temp: 41° F, Humidity: 76%, Wind: W 10 mph"
2016_11_GB_WAS,Dry,"Clear Temp: 38° F, Humidity: 44%, Wind: WNW 23 mph"
2016_11_HOU_OAK,Dry,"Clear Temp: 63° F, Humidity: 39%, Wind: N 6 mph"
2016_11_MIA_LA,Rain,"Rain Temp: 63° F, Humidity: 74%, Wind: SE 3 mph"
2016_11_NE_SF,Rain,"Cloudy with rain Temp: 64° F, Humidity: 64%, Wind: South to SouthEast 6 MPH mph"
2016_11_NO_CAR,Dry,"Clear Temp: 63° F, Humidity: 43%, Wind: SSE 6 mph"
2016_11_PHI_SEA,Rain,"Rain Temp: 54° F, Humidity: 80%, Wind: SSE 5 mph"
2016_11_PIT_CLE,Dry,"Cloudy Temp: 36° F, Humidity: 64%, Wind: West 27 mph"
2016_11_TB_KC,Dry,"Sunny Temp: 46° F, Humidity: 42%, Wind: Southeast 9 mph"
2016_12_CAR_OAK,Dry,"Partly Cloudy Temp: 59° F, Humidity: 55%, Wind: WNW 12 mph"
2016_12_CIN_BAL,Dry,"Sunny Temp: 50° F, Humidity: 37%, Wind: WNW 12 mph"
2016_12_GB_PHI,Dry,"Cloudy Temp: 47° F, Humidity: 65%, Wind: SSE 7 mph"
2016_12_JAX_BUF,Dry,"Mostly cloudy Temp: 42° F, Humidity: 65%, Wind: W 13 mph"
2016_12_KC_DEN,Dry,"Mostly Cloudy Temp: 44° F, Humidity: 25%, Wind: W 11 G 21 mph"
2016_12_NE_NYJ,Dry,"Cloudy Temp: 47° F, Humidity: 43%, Wind: West North West 10 mph"
2016_12_NYG_CLE,Dry,"Sunny Temp: 48° F, Humidity: 58%, Wind: South 10 mph"
2016_12_SEA_TB,Dry,"Cloudy Temp: 81° F, Humidity: 47%, Wind: E 6 mph"
2016_12_SF_MIA,Dry,"Partly Cloudy Temp: 79° F, Humidity: 49%, Wind: NE 13 mph"
2016_12_TEN_CHI,Dry,"Cloudy Temp: 40° F, Humidity: 88%, Wind: S 11 mph"
2016_13_BUF_OAK,Dry,"Partly Cloudy Temp: 59° F, Humidity: 70%, Wind: W 4 mph"
2016_13_CAR_SEA,Dry,"Partly Cloudy Temp: 37° F, Humidity: 71%, Wind: ESE 4 mph"
2016_13_DEN_JAX,Dry,"Temp: 70° F, Wind: SE 10 mph"
2016_13_HOU_GB,Dry,"Temp: 32° F, Humidity: 90%, Wind: S 8 mph"
2016_13_IND_NYJ,Dry,"Clear Temp: 45° F, Humidity: 60%, Wind: NW 6 mph"
2016_13_LA_NE,Dry,"Sunny and cool Temp: 39° F, Humidity: 43%, Wind: NW 8 mph"
2016_13_MIA_BAL,Dry,"Partly Cloudy Temp: 47° F, Humidity: 60%, Wind: NNW 3 mph"
2016_13_NYG_PIT,Dry,"Cloudy Temp: 43° F, Humidity: 56%, Wind: From SSE 71 mph"
2016_13_PHI_CIN,Dry,"Cloudy Temp: 42° F, Humidity: 61%, Wind: SE 10 mph"
2016_13_SF_CHI,Snow,"Snow Showers, 3 to 5 inches expected. Temp: 33° F, Humidity: 91%, Wind: SE 5 mph"
2016_13_TB_SD,Dry,"Sunny Temp: 72° F, Humidity: 19%, Wind: WNW 7 mph"
2016_14_ARI_MIA,Dry,"Cloudy Temp: 77° F, Humidity: 77%, Wind: 18 E mph"
2016_14_ATL_LA,Dry,"Cloudy Temp: 65° F, Humidity: 73%, Wind: SW 1 mph"
2016_14_BAL_NE,Dry,"Clear Temp: 31° F, Humidity: 91%, Wind: SSW 3 mph"
2016_14_CIN_CLE,Snow,"Snow Temp: 28° F, Humidity: 78%, Wind: SE 15 mph"
2016_14_DAL_NYG,Dry,"Cloudy Temp: 32° F, Humidity: 95%, Wind: 0 mph"
2016_14_DEN_TEN,Dry,"Sunny Temp: 50° F, Humidity: 37%, Wind: South 5 mph"
2016_14_MIN_JAX,Dry,"Temp: 71° F, Wind: NE 5 mph"
2016_14_NO_TB,Dry,"Cloudy Temp: 79° F, Humidity: 69%, Wind: E 9 mph"
2016_14_NYJ_SF,Dry,"Mostly Cloudy Temp: 54° F, Humidity: 62%, Wind: NW 8 mph"
2016_14_OAK_KC,Dry,"Clear Temp: 21° F, Humidity: 57%, Wind: West Northwest 7 mph"
2016_14_PIT_BUF,Snow,"Snow showers Temp: 27° F, Humidity: 75%, Wind: S 9 mph"
2016_14_SD_CAR,Dry,"Cloudy Temp: 37° F, Humidity: 49%, Wind: SE 6 mph"
2016_14_SEA_GB,Dry,"Temp: 26° F, Humidity: 85%, Wind: W 5 mph"
2016_14_WAS_PHI,Dry,"Cloudy Temp: 35° F, Humidity: 50%, Wind: S 3 mph"
2016_15_CAR_WAS,Dry,"Clear Temp: 32° F, Humidity: 56%, Wind: East 8 mph"
2016_15_CLE_BUF,Dry,"Cloudy Temp: 26° F, Humidity: 69%, Wind: WNW 15 mph"
2016_15_DET_NYG,Rain,"Rain Temp: 55° F, Humidity: 100%, Wind: SSE 1 mph"
2016_15_GB_CHI,Dry,"Sunny Temp: 11° F, Humidity: 57%, Wind: W 12 mph"
2016_15_LA_SEA,Dry,"Partly cloudy Temp: 36° F, Humidity: 67%, Wind: NNE 5 mph"
2016_15_MIA_NYJ,Dry,"Cloudy Temp: 35° F, Humidity: 92%, Wind: SSW 5 mph"
2016_15_NE_DEN,Dry,"Sunny Temp: 18° F, Humidity: 52%, Wind: NE 9 mph"
2016_15_OAK_SD,Dry,"Sunny Temp: 62° F, Humidity: 24%, Wind: W 5 mph"
2016_15_PHI_BAL,Dry,"Cloudy Temp: 62° F, Humidity: 77%, Wind: SSW 9 mph"
2016_15_PIT_CIN,Dry,"Cloudy Temp: 24° F, Humidity: 86%, Wind: NW 8 mph"
2016_15_TEN_KC,Dry,"Sunny Temp: 1° F, Humidity: 65%, Wind: NE 5 mph"
2016_16_ARI_SEA,Dry,"Partly Cloudy Temp: 39° F, Humidity: 87%, Wind: NNW 2 mph"
2016_16_ATL_CAR,Dry,"Cloudy Temp: 56° F, Humidity: 58%, Wind: SSW 5 mph"
2016_16_BAL_PIT,Dry,"Partly Cloudy Temp: 41° F, Humidity: 73%, Wind: From NE 9 mph"
2016_16_DEN_KC,Rain,"Cloudy, Rain Temp: 53° F, Humidity: 80%, Wind: Southwest 9 mph"
2016_16_IND_OAK,Dry,"Sunny Temp: 50° F, Humidity: 61%, Wind: W 9 mph"
2016_16_MIA_BUF,Dry,"Cloudy Temp: 38° F, Humidity: 86%, Wind: W 13 mph"
2016_16_MIN_GB,Dry,"Temp: 37° F, Humidity: 78%, Wind: W 8 mph"
2016_16_NYG_PHI,Dry,"Partly Cloudy Temp: 40° F, Humidity: 56%, Wind: WNW 10 mph"
2016_16_NYJ_NE,Rain,"Rain Temp: 40° F, Humidity: 95%, Wind: SW 6 mph"
2016_16_SD_CLE,Dry,"Cloudy Temp: 38° F, Humidity: 89%, Wind: West 13 mph"
2016_16_SF_LA,Dry,"Partly Cloudy Temp: 59° F, Humidity: 44%, Wind: WNW 6 mph"
2016_16_TEN_JAX,Dry,"Temp: 67° F, Humidity: 84%, Wind: N 5 mph"
2016_16_WAS_CHI,Dry,"Cloudy, steady temps Temp: 37° F, Humidity: 79%, Wind: WSW 1 mph"
2016_17_ARI_LA,Dry,"Sunny Temp: 59° F, Humidity: 49%, Wind: 0 mph"
2016_17_BAL_CIN,Dry,"Partly Cloudy Temp: 40° F, Humidity: 95%, Wind: NE 6 mph"
2016_17_BUF_NYJ,Dry,"Sunny Temp: 42° F, Humidity: 38%, Wind: NNW 11 mph"
2016_17_CAR_TB,Dry,"Cloudy Temp: 81° F, Humidity: 65%, Wind: S 6 mph"
2016_17_CLE_PIT,Dry,"Sunny Temp: 41° F, Humidity: 64%, Wind: From SW 1 mph"
2016_17_DAL_PHI,Dry,"Sunny Temp: 50° F, Humidity: 38%, Wind: WNW 10 mph"
2016_17_HOU_TEN,Dry,"Cloudy Temp: 52° F, Humidity: 97%, Wind: SSW 7 mph"
2016_17_KC_SD,Dry,"Cloudy Temp: 59° F, Humidity: 56%, Wind: S 10 mph"
2016_17_NE_MIA,Dry,"Temp: 80° F, Humidity: 62%, Wind: SE 15 mph"
2016_17_NYG_WAS,Dry,"Sunny Temp: 53° F, Humidity: 51%, Wind: North 1 mph"
2016_17_OAK_DEN,Dry,"Mostly Cloudy Temp: 45° F, Humidity: 29%, Wind: NorthEast 9 mph"
2016_17_SEA_SF,Dry,"Clear Temp: 54° F, Humidity: 60%, Wind: WSW 5 mph"
2016_18_DET_SEA,Dry,"Cloudy Temp: 38° F, Humidity: 44%, Wind: ESE 7 mph"
2016_18_MIA_PIT,Dry,"Partly Cloudy Temp: 17° F, Humidity: 54%, Wind: From W 16 mph"
2016_18_NYG_GB,Dry,"Temp: 14° F, Humidity: 64%, Wind: S 7 mph"
2016_19_HOU_NE,Dry,"Cloudy and Cold Temp: 28° F, Humidity: 55%, Wind: SSW 6 mph"
2016_19_PIT_KC,Dry,"Cloudy with patches of fog Temp: 33° F, Humidity: 96%, Wind: East 9 mph"
2016_20_PIT_NE,Dry,"Cloudy Temp: 41° F, Humidity: 94%, Wind: NE 10 mph"
2019_01_BAL_MIA,Dry,"Mostly Cloudy Temp: 91° F, Humidity: 56%, Wind: SSE 8 mph"
2019_01_BUF_NYJ,Dry,"Mostly Sunny Temp: 77° F, Humidity: 46%, Wind: WNW 6 mph"
2019_01_CIN_SEA,Dry,"Cloudy Temp: 64° F, Humidity: 82%, Wind: S 7 mph"
2019_01_DEN_OAK,Dry,"Breezy Temp: 68° F, Humidity: 66%, Wind: W 15 mph"
2019_01_GB_CHI,Dry,"Clear Temp: 65° F, Humidity: 69%, Wind: E 10 mph"
2019_01_IND_LAC,Dry,"Sunny Temp: 77° F, Humidity: 52%, Wind: SW 10 mph"
2019_01_KC_JAX,Dry,"Clear Temp: 91° F, Humidity: 54%, Wind: WSW 6mph mph"
2019_01_LA_CAR,Dry,"Sunny Temp: 87° F, Humidity: 53%, Wind: NNE 3 mph"
2019_01_PIT_NE,Dry,"Partly cloudy and mild Temp: 66° F, Humidity: 62%, Wind: NW 2 mph"
2019_01_SF_TB,Dry,"Cloudy Temp: 93° F, Humidity: 52%, Wind: SW 9 mph"
2019_01_TEN_CLE,Dry,"Partly Cloudy Temp: 71° F, Humidity: 55%, Wind: NE 10 mph"
2019_01_WAS_PHI,Dry,"Sunny Temp: 79° F, Humidity: 49%, Wind: W 4 mph"
2019_02_ARI_BAL,Dry,"Sunny Temp: 82° F, Humidity: 60%, Wind: NNW 8 mph"
2019_02_BUF_NYG,Dry,"Fair Temp: 79° F, Humidity: 48%, Wind: NNW 5 mph"
2019_02_CHI_DEN,Dry,"Mostly Sunny Temp: 87° F, Humidity: 14%, Wind: East 3 mph"
2019_02_CLE_NYJ,Dry,"Cloudy Temp: 72° F, Humidity: 69%, Wind: N 3 mph"
2019_02_DAL_WAS,Dry,"Sunny Temp: 80° F, Humidity: 46%, Wind: WNW 7 mph"
2019_02_IND_TEN,Dry,"Sunny Temp: 93° F, Humidity: 45%, Wind: NE 1 mph"
2019_02_KC_OAK,Dry,"Sunny Temp: 70° F, Humidity: 61%, Wind: WSW 13 mph"
2019_02_MIN_GB,Dry,"Cloudy Temp: 72° F, Humidity: 75%, Wind: South 5 mph"
2019_02_NE_MIA,Dry,"Mostly Cloudy Temp: 87° F, Humidity: 67%, Wind: S 4 mph"
2019_02_NO_LA,Dry,"Cloudy Temp: 85° F, Humidity: 44%, Wind: N 4 mph"
2019_02_PHI_ATL,Dry,"Temp: ° F, Wind: mph"
2019_02_SEA_PIT,Dry,"Sunny Temp: 81° F, Humidity: 51%, Wind: From S 3 mph"
2019_02_SF_CIN,Dry,"Mostly Sunny Temp: 81° F, Humidity: 45%, Wind: E 5 mph"
2019_02_TB_CAR,Dry,"Cloudy Temp: 85° F, Humidity: 55%, Wind: ENE 3 mph"
2019_03_BAL_KC,Dry,"Temp: 71° F, Humidity: 87%, Wind: West 3 mph"
2019_03_CHI_WAS,Dry,"Cloudy Temp: 87° F, Humidity: 39%, Wind: SW 5 mph"
2019_03_CIN_BUF,Dry,"Mostly sunny Temp: 83° F, Humidity: 53%, Wind: WSW 13 mph"
2019_03_DEN_GB,Rain,"Rain Temp: 69° F, Humidity: 93%, Wind: S-SW 7 mph"
2019_03_DET_PHI,Dry,"Sunny Temp: 84° F, Humidity: 53%, Wind: SSW 7 mph"
2019_03_HOU_LAC,Dry,"Partly Cloudy Temp: 87° F, Humidity: 37%, Wind: S 4 mph"
2019_03_LA_CLE,Dry,"Mostly Clear Temp: 83° F, Humidity: 33%, Wind: SSW 12 mph"
2019_03_NO_SEA,Rain,"Rain Temp: 63° F, Humidity: 85%, Wind: 8 SSE mph"
2019_03_NYG_TB,Dry,"Cloudy Temp: 88° F, Humidity: 46%, Wind: E 11 mph"
2019_03_NYJ_NE,Dry,"Sunny and warm Temp: 81° F, Humidity: 49%, Wind: SW 10 mph"
2019_03_PIT_SF,Dry,"partly cloudy Temp: 79° F, Humidity: 36%, Wind: NW 3 mph"
2019_03_TEN_JAX,Light rain,"Light rain Temp: 73° F, Humidity: 87%, Wind: NE 9mph mph"
2019_04_CIN_PIT,Dry,"Clear Temp: 76° F, Humidity: 72%, Wind: From S 1 mph"
2019_04_CLE_BAL,Dry,"Partly Cloudy Temp: 83° F, Humidity: 57%, Wind: NE 8 mph"
2019_04_JAX_DEN,Dry,"Sunny Temp: 87° F, Humidity: 11%, Wind: Southwest 14 Gusting to 24 mph"
2019_04_LAC_MIA,Dry,"Mostly Cloudy Temp: 88° F, Humidity: 53%, Wind: ENE 15 mph"
2019_04_MIN_CHI,Dry,"Cloudy Temp: 67° F, Humidity: 89%, Wind: East 8 mph"
2019_04_NE_BUF,Dry,"Mostly cloudy Temp: 58° F, Humidity: 71%, Wind: E 10 mph"
2019_04_PHI_GB,Dry,"Cloudy Temp: 60° F, Humidity: 62%, Wind: S 3 mph"
2019_04_TB_LA,Dry,"Mostly Sunny Temp: 74° F, Humidity: 41%, Wind: SW 2 mph"
2019_04_WAS_NYG,Dry,"Fair Temp: 77° F, Humidity: 42%, Wind: NNE 11 mph"
2019_05_ARI_CIN,Dry,"Cloudy Temp: 76° F, Humidity: 68%, Wind: SW 6 mph, Gusts to 10 mph"
2019_05_BAL_PIT,Rain,"Rain Temp: 70° F, Humidity: 74%, Wind: From SW 7 mph"
2019_05_BUF_TEN,Dry,"Cloudy Temp: 77° F, Humidity: 71%, Wind: S 13 mph"
2019_05_CHI_OAK,Dry,"Cloudy Temp: 59° F, Humidity: 60%, Wind: WNW 15 mph"
2019_05_CLE_SF,Dry,"Clear Temp: 87° F, Humidity: 36%, Wind: NW 8 mph"
2019_05_DEN_LAC,Dry,"Sunny Temp: 85° F, Humidity: 35%, Wind: W 12 mph"
2019_05_IND_KC,Dry,"Cloudy Temp: 59° F, Humidity: 75%, Wind: West 3 mph"
2019_05_JAX_CAR,Dry,"Cloudy Temp: 72° F, Humidity: 59%, Wind: ESE 4 mph"
2019_05_LA_SEA,Dry,"Cloudy Temp: 57° F, Humidity: 56%, Wind: SW 7 mph"
2019_05_MIN_NYG,Dry,"Cloudy Temp: 66° F, Humidity: 73%, Wind: South 10 mph"
2019_05_NE_WAS,Dry,"Cloudy Temp: 70° F, Humidity: 66%, Wind: S 8 mph"
2019_05_NYJ_PHI,Dry,"Cloudy Temp: 68° F, Humidity: 68%, Wind: S 10 mph"
2019_06_CAR_TB,Dry,"Mostly Cloudy Temp: 61° F, Humidity: 86%, Wind: SW 14 mph"
2019_06_CIN_BAL,Dry,"Cloudy Temp: 64° F, Humidity: 43%, Wind: East 7 mph"
2019_06_DAL_NYJ,Dry,"Fair Temp: 66° F, Humidity: 38%, Wind: SSE 7 mph"
2019_06_DET_GB,Dry,"Cloudy Temp: 43° F, Humidity: 73%, Wind: SW 5 mph"
2019_06_HOU_KC,Dry,"Sunny Temp: 56° F, Humidity: 47%, Wind: North 2 mph"
2019_06_NO_JAX,Dry,"Sunny Temp: 81° F, Humidity: 56%, Wind: SSW 3 mph"
2019_06_NYG_NE,Dry,"Mostly Cloudy Temp: 54° F, Humidity: 61%, Wind: NNE 13 mph"
2019_06_PIT_LAC,Dry,"Clear Temp: 71° F, Humidity: 61%, Wind: SW 9 mph"
2019_06_SEA_CLE,Dry,"Sunny Temp: 58° F, Humidity: 38%, Wind: South 20 mph"
2019_06_SF_LA,Dry,"Sunny Temp: 77° F, Humidity: 42%, Wind: WNW 2 mph"
2019_06_TEN_DEN,Dry,"Sunny Temp: 69° F, Humidity: 9%, Wind: East 7 mph"
2019_06_WAS_MIA,Dry,"Cloudy Temp: 84° F, Humidity: 66%, Wind: E 13 mph"
2019_07_ARI_NYG,Light rain,"Light Rain Temp: 56° F, Humidity: 78%, Wind: North 3 mph"
2019_07_BAL_SEA,Rain,"Rain Temp: 50° F, Humidity: 79%, Wind: SE 8 mph"
2019_07_HOU_IND,Dry,"Partly sunny Temp: 66° F, Humidity: 56%, Wind: NNW 2 mph"
2019_07_JAX_CIN,Dry,"Partly Sunny Temp: 70° F, Humidity: 63%, Wind: NNW 2 mph, gusts to 5 mph"
2019_07_KC_DEN,Dry,"Mostly Cloudy Temp: 75° F, Humidity: 7%, Wind: North East 6 mph"
2019_07_LAC_TEN,Dry,"Sunny Temp: 77° F, Humidity: 40%, Wind: SE 2 mph"
2019_07_LA_ATL,Dry,"Temp: 66° F, Humidity: 79%, Wind: mph"
2019_07_MIA_BUF,Dry,"Mostly sunny Temp: 65° F, Humidity: 54%, Wind: SW 7 mph"
2019_07_NE_NYJ,Dry,"Mostly Clear Temp: 58° F, Humidity: 73%, Wind: SSW 0 mph"
2019_07_NO_CHI,Dry,"Partly Cloudy Temp: 54° F, Humidity: 84%, Wind: NE 6 mph"
2019_07_OAK_GB,Dry,"Sunny Temp: 55° F, Humidity: 74%, Wind: SW 6 mph"
2019_07_SF_WAS,Rain,"Rain Temp: 55° F, Humidity: 93%, Wind: NNE 12 mph"
2019_08_CAR_SF,Dry,"Sunny Temp: 66° F, Humidity: 20%, Wind: NW 19 mph"
2019_08_CIN_LA,Dry,"Fair Temp: 48° F, Humidity: 69%, Wind: WNW 5 mph"
2019_08_CLE_NE,Rain,"Rain Temp: 49° F, Humidity: 91%, Wind: E 11 mph"
2019_08_DEN_IND,Dry,"Mostly sunny Temp: 55° F, Humidity: 73%, Wind: W 10 mph"
2019_08_GB_KC,Dry,"Cloudy Temp: 54° F, Humidity: 60%, Wind: West 5 mph"
2019_08_LAC_CHI,Dry,"Clear Temp: 52° F, Humidity: 59%, Wind: W 9 mph"
2019_08_MIA_PIT,Dry,"Clear Temp: 59° F, Humidity: 50%, Wind: From NE 2 mph"
2019_08_NYJ_JAX,Dry,"Temp: 79° F, Humidity: 87%, Wind: SSW 11 mph"
2019_08_PHI_BUF,Rain,"Cloudy with showers and wind Temp: 54° F, Humidity: 87%, Wind: WSW 23 mph"
2019_08_SEA_ATL,Dry,"sUNNY Temp: 65° F, Humidity: 63%, Wind: mph"
2019_08_TB_TEN,Dry,"Cloudy Temp: 59° F, Humidity: 67%, Wind: NE 3 mph"
2019_09_CHI_PHI,Dry,"Sunny Temp: 52° F, Humidity: 37%, Wind: WNW 13 mph"
2019_09_CLE_DEN,Dry,"Mostly Cloudy Temp: 55° F, Humidity: 32%, Wind: East 4 mph"
2019_09_DAL_NYG,Dry,"Fair Temp: 51° F, Humidity: 58%, Wind: South 10 mph"
2019_09_DET_OAK,Dry,"Sunny Temp: 71° F, Humidity: 34%, Wind: WNW 6 mph"
2019_09_GB_LAC,Dry,"Temp: 79° F, Humidity: 18%, Wind: SSW 2 mph"
2019_09_HOU_JAX,Dry,"Cloudy Temp: 53° F, Humidity: 54%, Wind: WSW 6 mph"
2019_09_IND_PIT,Dry,"Partly Cloudy Temp: 48° F, Humidity: 47%, Wind: From W 12 mph"
2019_09_MIN_KC,Dry,"Sunny Temp: 54° F, Humidity: 37%, Wind: Southwest 15 mph"
2019_09_NE_BAL,Dry,"Clear Temp: 48° F, Humidity: 41%, Wind: ESE 1 mph"
2019_09_NYJ_MIA,Dry,"Mostly Cloudy Temp: 85° F, Humidity: 64%, Wind: N 11 mph"
2019_09_TB_SEA,Dry,"Sunny Temp: 54° F, Humidity: 66%, Wind: NNW 6 mph"
2019_09_TEN_CAR,Dry,"Sunny Temp: 58° F, Humidity: 34%, Wind: N 5 mph"
2019_09_WAS_BUF,Dry,"Mostly cloudy Temp: 42° F, Humidity: 56%, Wind: W 18 mph"
2019_10_ARI_TB,Dry,"Sunny Temp: 77° F, Humidity: 53%, Wind: ENE 8 mph"
2019_10_BAL_CIN,Dry,"Mostly sunny Temp: 56° F, Humidity: 53%, Wind: SSW 9 mph, gusts to 13 mph"
2019_10_BUF_CLE,Dry,"Sunny Temp: 50° F, Wind: South west 10 mph"
2019_10_CAR_GB,Dry,"Temp: 34° F, Humidity: 59%, Wind: North 6 mph"
2019_10_DET_CHI,Dry,"overcast Temp: 40° F, Humidity: 80%, Wind: N 12 mph mph"
2019_10_KC_TEN,Dry,"Sunny Temp: 63° F, Humidity: 35%, Wind: SW 9 mph"
2019_10_LAC_OAK,Dry,"Partly Cloudy Temp: 54° F, Humidity: 84%, Wind: W 9 mph"
2019_10_LA_PIT,Dry,"Clear Temp: 55° F, Humidity: 44%, Wind: From SW 12 mph"
2019_10_NYG_NYJ,Dry,"Cloudy Temp: 48° F, Humidity: 50%, Wind: 8 SSW mph"
2019_10_SEA_SF,Dry,"Mostly clear Temp: 77° F, Humidity: 32%, Wind: Southerly 3 mph"
2019_11_ARI_SF,Dry,"Sunny Temp: 72° F, Humidity: 46%, Wind: NW 0 mph"
2019_11_ATL_CAR,Dry,"Partly Cloudy Temp: 51° F, Humidity: 50%, Wind: NNE 11 mph"
2019_11_BUF_MIA,Dry,"Cloudy Temp: 62° F, Humidity: 74%, Wind: NNW 13 mph"
2019_11_CHI_LA,Dry,"Clear Temp: 79° F, Humidity: 20%, Wind: mph"
2019_11_CIN_OAK,Dry,"Sunny Temp: 76° F, Humidity: 41%, Wind: WNW 13 mph"
2019_11_HOU_BAL,Dry,"Cloudy Temp: 44° F, Humidity: 56%, Wind: NE 10 mph"
2019_11_KC_LAC,Dry,"Cloudy Temp: 67° F, Humidity: 63%, Wind: WNW 7 mph"
2019_11_NE_PHI,Dry,"Cloudy Temp: 42° F, Humidity: 57%, Wind: NNE 13 mph"
2019_11_NO_TB,Dry,"Cloudy Temp: 55° F, Humidity: 79%, Wind: NNW 4 mph"
2019_11_NYJ_WAS,Dry,"Cloudy Temp: 43° F, Humidity: 58%, Wind: NE 8 mph"
2019_11_PIT_CLE,Dry,"Cold Temp: 36° F, Humidity: 57%, Wind: SW 10 mph"
2019_12_BAL_LA,Dry,"Clear Temp: 62° F, Humidity: 64%, Wind: WSW 5 mph"
2019_12_DAL_NE,Rain,"Rain and Wind Temp: 38° F, Humidity: 90%, Wind: NNW 16 mph"
2019_12_DEN_BUF,Dry,"Cloudy Temp: 40° F, Humidity: 75%, Wind: WSW 17 mph"
2019_12_DET_WAS,Dry,"Sunny Temp: 46° F, Humidity: 56%, Wind: W 17 mph"
2019_12_GB_SF,Dry,"Clear Temp: 63° F, Humidity: 40%, Wind: NW 7 mph"
2019_12_JAX_TEN,Dry,"Sunny Temp: 52° F, Humidity: 54%, Wind: WSW 9 mph"
2019_12_MIA_CLE,Dry,"Partly Cloudy Temp: 39° F, Humidity: 73%, Wind: West 14 mph"
2019_12_NYG_CHI,Dry,"Mostly Sunny Temp: 48° F, Humidity: 59%, Wind: WSW 12 mph"
2019_12_OAK_NYJ,Rain,"Raining Temp: 43° F, Humidity: 93%, Wind: NW 12 mph"
2019_12_PIT_CIN,Dry,"Partly Sunny Temp: 46° F, Humidity: 62%, Wind: WSW 10 mph, gusts to 15 mph"
2019_12_SEA_PHI,Rain,"Rain Temp: 40° F, Humidity: 78%, Wind: WNW 17 mph"
2019_13_CLE_PIT,Dry,"Mostly Cloudy Temp: 46° F, Humidity: 91%, Wind: From SE 6 mph"
2019_13_GB_NYG,Snow,"Freezing Rain Temp: 32° F, Humidity: 86%, Wind: NE 10 mph"
2019_13_LAC_DEN,Dry,"Mostly Sunny Temp: 33° F, Humidity: 51%, Wind: East 7 mph"
2019_13_MIN_SEA,Dry,"Clear Temp: 51° F, Humidity: 65%, Wind: SSE 1 mph"
2019_13_NYJ_CIN,Dry,"Cloudy Temp: 46° F, Humidity: 77%, Wind: SW 15 mph, gusts to 28 mph"
2019_13_OAK_KC,Dry,"Cloudy Temp: 36° F, Humidity: 55%, Wind: Northwest 20 mph"
2019_13_PHI_MIA,Dry,"Temp: 82° F, Humidity: 55%, Wind: s 15 mph"
2019_13_SF_BAL,Light rain,"Cloudy, Light Rain Temp: 40° F, Humidity: 91%, Wind: East 13 mph mph"
2019_13_TB_JAX,Dry,"Temp: 77° F, Humidity: 77%, Wind: SW 15mph mph"
2019_13_WAS_CAR,Dry,"Cloudy Temp: 64° F, Humidity: 77%, Wind: WSW 16 mph"
2019_14_BAL_BUF,Dry,"Cloudy Temp: 43° F, Humidity: 48%, Wind: SSW 18 mph"
2019_14_CIN_CLE,Dry,"Sunny Temp: 48° F, Humidity: 58%, Wind: S 16 mph"
2019_14_DAL_CHI,Dry,"Mostly Cloudy Temp: 44° F, Humidity: 66%, Wind: s 9 mph"
2019_14_IND_TB,Dry,"Cloudy Temp: 78° F, Humidity: 58%, Wind: ESE 9 mph"
2019_14_KC_NE,Dry,"Cloudy Temp: 32° F, Humidity: 56%, Wind: South 8 mph"
2019_14_LAC_JAX,Dry,"Temp: 62° F, Humidity: 89%, Wind: ESE 7-12mph mph"
2019_14_MIA_NYJ,Dry,"Mostly Sunny Temp: 41° F, Humidity: 47%, Wind: SW 9 mph"
2019_14_NYG_PHI,Rain,"Rain Temp: 53° F, Humidity: 87%, Wind: SW 11 mph"
2019_14_SEA_LA,Dry,"Cloudy Temp: 60° F, Humidity: 79%, Wind: 4 mph"
2019_14_TEN_OAK,Dry,"Cloudy Temp: 59° F, Humidity: 78%, Wind: W 5 mph"
2019_14_WAS_GB,Dry,"Cloudy Temp: 37° F, Humidity: 75%, Wind: SW 10 mph"
2019_15_ATL_SF,Dry,"partly cloudy Temp: 55° F, Humidity: 58%, Wind: north by northwest 6 mph"
2019_15_BUF_PIT,Dry,"Cloudy Temp: 31° F, Humidity: 67%, Wind: From W 6 mph"
2019_15_CHI_GB,Dry,"Sunny Temp: 11° F, Humidity: 70%, Wind: W 7 mph"
2019_15_DEN_KC,Snow,"Snow Temp: 24° F, Humidity: 88%, Wind: East 8 mph"
2019_15_HOU_TEN,Dry,"Cloudy Temp: 45° F, Humidity: 71%, Wind: SE 4 mph"
2019_15_JAX_OAK,Dry,"Sunny Temp: 59° F, Humidity: 52%, Wind: W 7 mph"
2019_15_MIA_NYG,Dry,"Cloudy Temp: 48° F, Humidity: 42%, Wind: WNW 19 mph"
2019_15_MIN_LAC,Dry,"Sunny Temp: 64° F, Humidity: 28%, Wind: NW 14 mph"
2019_15_NE_CIN,Dry,"Cloudy Temp: 36° F, Humidity: 58%, Wind: WNW 6 mph, gusts to 8 mph"
2019_15_NYJ_BAL,Dry,"Partly Cloudy Temp: 33° F, Humidity: 55%, Wind: SSE 3 mph"
2019_15_PHI_WAS,Dry,"Sunny Temp: 52° F, Humidity: 44%, Wind: West 13 mph"
2019_15_SEA_CAR,Dry,"Sunny Temp: 56° F, Humidity: 45%, Wind: SW 5 mph"
2019_16_ARI_SEA,Dry,"Cloudy Temp: 43° F, Humidity: 87%, Wind: N 7 mph"
2019_16_BAL_CLE,Dry,"Sunny Temp: 49° F, Humidity: 41%, Wind: South 10 mph"
2019_16_BUF_NE,Dry,"Cloudy and cool Temp: 33° F, Humidity: 64%, Wind: S 2 mph"
2019_16_CIN_MIA,Dry,"Cloudy Temp: 76° F, Humidity: 68%, Wind: ESE 15 mph"
2019_16_DAL_PHI,Dry,"Clear Temp: 47° F, Humidity: 46%, Wind: WSW 7 mph"
2019_16_DET_DEN,Dry,"Mostly Cloudy Temp: 67° F, Humidity: 8%, Wind: East 3 mph"
2019_16_HOU_TB,Dry,"Cloudy Temp: 73° F, Humidity: 65%, Wind: E 11 mph"
2019_16_KC_CHI,Dry,"Clear Temp: 45° F, Humidity: 66%, Wind: SW 10 mph"
2019_16_LA_SF,Dry,"Cloudy Temp: 58° F, Humidity: 66%, Wind: SW 12 mph"
2019_16_NO_TEN,Dry,"Cloudy Temp: 50° F, Humidity: 59%, Wind: NE 4 mph"
2019_16_NYG_WAS,Dry,"Clear Temp: 44° F, Humidity: 52%, Wind: SSW 6 mph"
2019_16_OAK_LAC,Dry,"Partly Cloudy Temp: 64° F, Humidity: 60%, Wind: SE 10 mph"
2019_16_PIT_NYJ,Dry,"Sunny and cool Temp: 45° F, Humidity: 52%, Wind: SW 6 mph"
2019_17_ARI_LA,Dry,"Cloudy Temp: 62° F, Humidity: 47%, Wind: 0 mph"
2019_17_ATL_TB,Dry,"Cloudy Temp: 78° F, Humidity: 77%, Wind: SSE 12 mph"
2019_17_CLE_CIN,Rain,"Rain Temp: 64° F, Humidity: 80%, Wind: South 7 mph, gusts to 12 mph"
2019_17_IND_JAX,Dry,"Temp: 74° F, Humidity: 91%, Wind: SSE 6mph mph"
2019_17_LAC_KC,Dry,"Cloudy Temp: 40° F, Humidity: 70%, Wind: Southwest 16 mph"
2019_17_MIA_NE,Dry,"Partly Cloudy Temp: 43° F, Humidity: 41%, Wind: North 2 mph"
2019_17_NO_CAR,Dry,"Cloudy Temp: 63° F, Humidity: 89%, Wind: S 9 mph"
2019_17_NYJ_BUF,Rain,"Rain Temp: 43° F, Humidity: 85%, Wind: ESE 7 mph"
2019_17_OAK_DEN,Dry,"Sunny Temp: 31° F, Humidity: 43%, Wind: E 6 mph"
2019_17_PHI_NYG,Rain,"Rain Temp: 42° F, Humidity: 69%, Wind: East 5 mph"
2019_17_PIT_BAL,Rain,"Cloudy, Rain Temp: 46° F, Humidity: 91%, Wind: East 7 mph"
2019_17_SF_SEA,Dry,"Partly cloudy Temp: 51° F, Humidity: 70%, Wind: S 3 mph"
2019_18_SEA_PHI,Dry,"Cloudy Temp: 41° F, Humidity: 40%, Wind: WNW 17 mph"
2019_18_TEN_NE,Dry,"Foggy Temp: 44° F, Humidity: 88%, Wind: North 4 mph"
2019_19_HOU_KC,Dry,"Temp: 29° F, Humidity: 82%, Wind: Southeast 12 mph"
2019_19_MIN_SF,Dry,"Partly Cloudy Temp: 56° F, Humidity: 67%, Wind: North NW 11 mph"
2019_19_SEA_GB,Dry,"Cloudy Temp: 23° F, Humidity: 74%, Wind: NE 8 mph"
2019_19_TEN_BAL,Dry,"Cloudy Temp: 69° F, Humidity: 70%, Wind: South 12 mph"
2019_20_GB_SF,Dry,"Cloudy Temp: 58° F, Humidity: 56%, Wind: North N/W 5 mph"
2019_20_TEN_KC,Dry,"Temp: 17° F, Humidity: 46%, Wind: Northwest 10 mph"
2019_21_SF_KC,Dry,"Temp: 64° F, Humidity: 48%, Wind: N 7 mph"
